code_prefix,Lob Associata,count
C,2002,428
PAN,20001,368
AIR,2001,243
X,3014,236
P,3010,222
UCS,3009,202
LIC,2016,200
FC,6007,199
WS,2002,195
CP,4001,173
A,1006,153
CS,4008,151
A,4015,150
PAN,20006,145
CPSB,6002,144
UCSC,3009,136
NW,3005,133
SW,3014,129
FC,6013,125
FG,6007,118
P,3004,113
56,1002,110
GWGW,1003,102
L,6001,96
CPAP,6002,89
66,4009,84
AFF,3014,82
VO,6003,80
AR,17001,80
AP,17001,78
OTHER,1001,78
J,2005,77
76,1001,74
01,2013,73
CPAC,6002,71
N,2002,70
OTHER,3004,69
E,2016,68
PWR,2002,66
FAS,3014,66
LH,4009,66
GWGW,1002,64
02,2013,61
VO,6012,58
HX,3030,57
SFP,2002,57
57,1002,57
IM,4004,57
OTHER,1002,56
CP,6002,56
UCSX,3009,56
A,4008,55
C,2001,54
V,3032,54
E,3014,52
CAB,4008,51
MS,2016,51
QSFP,2002,51
DX,6012,50
VS,3011,49
UTP,1008,48
CAB,2002,47
A,17001,46
BO,1003,46
C,2003,46
V,3031,46
VI,1002,46
MTN,24001,45
CG,15007,44
VS,3019,43
SM,3004,43
MA,2016,42
11,1002,41
A,4016,41
SNC,2013,40
OS,6003,38
LIC,4004,38
OS,6012,37
OC,1002,37
CTS,4008,37
B,3004,36
OTHER,1003,36
JL,2005,35
CG,15008,35
U,3004,34
CPSB,6011,34
S,3004,33
LEG,1002,33
21,1001,33
ACDC,17001,33
L,2001,32
CISCO,2003,32
CGM,15008,31
DX,6003,31
FPR,6001,31
NPC,1001,31
B,4002,30
14,1002,30
72,4009,30
EXP,4009,30
CT,6012,30
RS,3039,29
PWR,2003,29
OTHER,3002,29
ASA,6001,29
VI,1003,29
SRT,17001,28
77,3004,28
CS,3014,28
CVN,1003,28
BMM,1002,27
NIM,2003,27
DG,3002,27
10,1001,27
HU,3010,27
DS,3014,27
GLC,2002,27
FS,17001,27
A,24001,27
NXOS,2002,27
IE,2015,26
CPSM,6002,26
NXA,2002,26
F,1008,26
CAB,2003,26
17,1001,26
CABL,1002,25
FZ,1008,25
CPAPSG,6002,25
CGM,15007,25
CPC,1001,25
DOC,3014,25
CT,6003,24
TF,6004,24
CX,6012,24
BO,1002,24
MEM,2003,24
CS,3022,23
02,1015,23
91,2014,23
WOE,17001,23
OTHER,2006,23
TM,3004,22
CAVFS,1002,22
DNA,2001,22
ACAC,17001,22
MANUTENZIONE,99003,22
DS,2002,21
07,3004,21
49,4009,21
B,4009,21
TVDP,4009,21
33,4009,21
55,1002,21
IE,2002,21
CFQ,3002,21
20,3004,21
ASR,2003,21
LIC,2001,20
MTN,17001,20
10,3004,20
Y,2013,20
HS,1002,20
LEG,1003,20
HD,4009,20
H,3014,19
10,1002,19
AUT,6004,19
L,4008,19
SK,3002,19
R,2005,19
ATW,4009,19
CPTS,6002,19
55,2013,19
37,4009,19
60,3003,19
BLBIZ,1003,19
AT,2006,19
99,6027,18
AR,1002,18
30,1002,18
SL,2003,18
RCK,1006,18
CX,6003,18
X,1006,18
CW,2001,18
EI,2006,18
W,2012,17
PVDM,2003,17
41,4009,17
STACK,2002,17
H,3004,17
PRF,1002,17
WSTRTUP,17001,17
SVS,6001,17
QTE,1003,17
OTHER,3035,17
S,2002,17
22,4009,17
N,3009,16
91,4009,16
NHD,4009,16
40,3003,16
30,3003,16
E,6001,16
FS,6007,16
R,3010,16
41,3010,16
66,1002,16
M,3004,16
73,24001,15
H,3010,15
30,1006,15
LIC,2002,15
KVR,3004,15
CPCES,6002,15
CVFG,1003,15
21,17001,15
PI,4009,15
BMM,1003,15
14,3004,15
A,1002,15
11,17001,15
B,1002,15
BTI,1003,15
SK,6003,15
88,1001,14
EI,2002,14
ISR,2003,14
FL,2003,14
65,1002,14
USB,4009,14
86,3010,14
BTIN,1003,14
CSA,2014,14
SC,2002,14
12,1002,14
MB,4009,14
MA,2001,14
M,17009,14
03,2013,14
PW,2014,14
PRESTAZIONE,99004,14
V,2014,14
15,1002,13
51,1002,13
VCS,3019,13
MX,2016,13
98,2013,13
91,2013,13
GS,17005,13
LE,1003,13
91,3004,13
01,3004,13
NN,6012,13
21,3004,13
APIC,2002,13
49,3004,13
65,4009,13
UCSB,3009,13
APRO,1006,13
PDM,17001,13
PAN,6004,13
HWIC,2003,13
OTHER,4009,13
FC,1008,13
MR,2016,13
CIVS,2013,12
08,2013,12
SBB,4009,12
33,17005,12
ACI,2002,12
CPSBNGTP,6002,12
AT,4009,12
EPDU,17001,12
FAP,6007,12
TDM,1002,12
CPACRAM,6002,12
PWR,4008,12
PR,1008,12
TAUD,4009,12
WASSEM,17001,12
WBEXTWAR,17001,12
LH,4008,12
C,2016,12
ST,3004,12
61,1006,12
78,1006,12
C,4009,12
SX,24001,12
SP,6007,12
NH,6004,12
V,6009,12
FTS,3004,12
SRTL,17001,12
70,17005,11
SMT,17001,11
APCRBC,17001,11
10,4009,11
39,3010,11
TM,24001,11
43,4009,11
NM,2003,11
09,2013,11
LIC,4008,11
FIN,1002,11
C,1002,11
EI,2003,11
C,2006,11
IOT,2015,11
XVS,24002,11
CPEP,6002,11
35,4009,11
88,3004,11
RS,3040,11
O,17005,11
80,3004,11
56,1001,11
DUO,6001,11
MD,3004,11
FAM,1002,11
91,24001,11
CFQ,3015,11
NSAC,17001,11
CPSBSNBT,6002,11
BE,4004,11
16,1001,11
SF,6001,11
GVSUPS,17001,11
FF,1002,11
A,4009,11
FYZUL,1008,11
90,3004,11
C,3005,11
50,4009,11
USB,3004,11
DW,3035,10
MAN,99001,10
73,17005,10
APDU,17001,10
PA,3004,10
SYS,3004,10
CAVH,1002,10
OS,3014,10
55,4009,10
91,24002,10
L,2003,10
98,3004,10
A,3004,10
TE,6003,10
SW,2001,10
JL,2002,10
BTI,1002,10
TS,3004,10
SM,4009,10
CISCO,4005,10
ACCS,17001,10
48,24001,10
LSS,24001,10
IMCUC,4004,10
ATA,4001,10
SNCA,2013,10
96,3004,10
PVQ,1008,10
DM,4009,10
31,1003,10
14,17001,10
HA,3004,10
FD,1003,10
CPCES,6011,10
F,2006,10
07,1002,10
12,3004,10
CW,2016,10
ESS,3005,10
E,17001,10
ESESPT,6016,10
ESESPT,6009,10
EN,6012,10
VCS,3011,10
FN,6007,10
13,17001,10
OM,4009,9
49,4007,9
CEM,1002,9
EX,4009,9
M,4002,9
13,1001,9
CAVFG,1002,9
CJ,1008,9
K,3004,9
DC,3009,9
NN,6003,9
MB,3004,9
C,3004,9
METSECT,17001,9
HP,24001,9
55,1001,9
SL,2002,9
31,17001,9
87,3010,9
KNA,17001,9
CY,4009,9
16,1002,9
92,3004,9
LCST,1002,9
TESIRA,4009,9
OTHER,3015,9
VIW,1003,9
WIC,2003,9
PDX,17001,9
HE,2013,9
ACS,2003,9
04,3035,9
CCX,4008,9
PWR,2006,9
XKIT,1006,9
LIC,2017,9
65,1001,9
OTHER,4004,9
44,4009,9
70,1001,9
UMB,6001,9
HAI,2014,9
FFXLCLC,1001,8
88,4009,8
MSWS,3009,8
53,1002,8
KTH,3004,8
DN,24002,8
KSI,24001,8
73,3004,8
SG,2012,8
MATERIALE,17005,8
BP,4009,8
SFP,3009,8
MZ,3004,8
51,24001,8
PIX,6001,8
W,3004,8
SS,6003,8
CAB,3009,8
CS,6012,8
SPARK,4008,8
U,3010,8
20,2014,8
METSECT,24001,8
CPSG,6002,8
GE,17005,8
MR,2001,8
E,3035,8
FIBR,1002,8
81,3010,8
38,17001,8
BTIN,1002,8
UV,4009,8
AEP,1006,8
LCSC,1002,8
32,4009,8
LS,4009,8
24,4009,8
FTM,6007,8
61,1002,8
76,1002,8
F,3004,8
48,4009,8
EHWIC,2003,8
EW,3004,8
BE,3004,8
IDE,3004,8
ET,3004,8
VIV,1002,8
ACE,1006,8
47,3004,8
45,3004,8
GCG,1002,8
FORFG,6007,8
RBRMAINT,4004,8
50,2013,8
FSP,3004,8
HDW,3035,8
BOB,1002,8
R,3002,8
15,1001,8
H,2005,8
05,2013,8
M,2003,7
22,3004,7
M,2002,7
LVS,17001,7
23,3004,7
LIC,6001,7
SV,3004,7
VI,3019,7
70,4009,7
STP,24001,7
SSC,3004,7
CBRCBD,1002,7
SUBS,3014,7
MA,2002,7
FRZTL,1008,7
FW,4009,7
FSC,1003,7
U,1003,7
FON,1002,7
05,3005,7
OTHER,4002,7
EKA,3005,7
WUPG,17001,7
DNA,2002,7
07,2013,7
DP,4001,7
EE,3004,7
05,24001,7
EDW,3035,7
AVE,1002,7
PARLETCM,4009,7
R,3009,7
QUB,1002,7
AF,1002,7
03,24001,7
DSP,1002,7
00,24001,7
PS,3014,7
ER,4009,7
OM,2014,7
MD,24001,7
FEX,6007,7
C,3041,7
80,17009,7
BW,4009,7
SISR,2003,7
SID,6004,7
MT,2016,7
17,1002,7
90,4009,7
WB,6003,7
DF,6012,7
SVS,2003,7
NBES,17001,7
D,3004,7
WD,3004,7
NOX,1002,7
99,4009,7
NV,3009,7
NXK,2002,7
CS,3042,7
DX,1003,7
49,1002,7
V,6016,7
ICOC,1002,7
IDP,6004,7
CPES,6002,7
CPES,6011,7
TI,24001,7
LCLC,1002,7
ISE,6001,7
H,4009,7
34,1001,7
HXAF,3030,7
33,4002,7
H,2014,7
V,4009,7
50,17001,7
GMP,1003,7
KAC,3004,7
GW,1002,7
UTPSPL,1008,7
HXDP,3030,7
V,1003,7
65,3005,7
HU,3004,7
CS,2002,7
38,4009,7
R,6001,6
APFI,1006,6
MX,4009,6
MX,6001,6
WASSEM,99004,6
E,3004,6
CP,6011,6
BOS,99001,6
N,3004,6
SG,2002,6
GXX,3035,6
SER,24001,6
NBRK,17001,6
JD,2005,6
NEEN,26001,6
ITW,1002,6
BLX,4009,6
FFWLCLC,1001,6
POWSMEZZO,4009,6
BLE,1003,6
TC,4009,6
81,1002,6
81,3004,6
T,6012,6
MG,2016,6
82,3004,6
CVH,1003,6
ML,3004,6
MOD,4009,6
19,3004,6
54,3004,6
TANNVLS,4009,6
40,1002,6
CVNPI,1003,6
SISR,2002,6
PVDM,4005,6
KVM,17001,6
WADVULTRA,17001,6
32,2006,6
32,3004,6
40,3004,6
SDCZ,3004,6
TS,4009,6
43,3010,6
09,4009,6
CO,1001,6
IGS,2006,6
HDMM,4009,6
PD,2013,6
OTHER,17001,6
WTSV,1006,6
CPCGCAPCOMP,6002,6
UCS,2002,6
95,4009,6
36,4009,6
RHA,3039,6
IBO,1002,6
P,3031,6
ASA,3014,6
PAL,1002,6
AD,6012,6
HW,3035,6
R,2002,6
DK,1002,6
10,4008,6
12,1001,6
H,3005,6
U,4009,6
F,3016,6
98,4009,6
DCNM,4009,6
APZE,1006,6
WI,1006,6
CP,4008,6
MG,1003,6
04,3004,6
ISE,2002,6
SC,2001,6
F,2013,6
SASR,2003,6
IR,2015,6
PD,3004,6
WMS,17001,6
VG,4001,6
SDY,3004,6
FLEX,1008,6
STST,1002,6
CBRCB,1002,6
SUB,3042,6
75,4009,6
CURFS,1008,6
SP,6012,6
72,4008,6
C,2014,6
CBCB,1003,6
CF,1003,6
21,1002,6
22,1002,6
SP,24001,6
21,1003,6
FZUYL,1008,6
24,3004,6
SW,24001,6
CDNA,2001,6
57,1001,6
FLSA,2003,6
C,3046,6
FIS,1002,6
FY,1008,6
CSA,17009,6
SRTG,17001,6
CV,3031,6
59,2013,6
CS,2006,6
VMW,3009,6
CCC,1003,6
LCLCOM,1002,6
VIC,2003,6
58,2013,6
CS,3041,6
C,1003,6
44,3004,5
ELEA,1003,5
UNI,2013,5
NX,4009,5
60,4009,5
BAT,17009,5
VIV,1003,5
LBB,4009,5
MATERIALE,24001,5
G,17001,5
08,17001,5
TFGLMG,1003,5
F,2014,5
FS,1008,5
RP,3004,5
B,1003,5
10,2006,5
S,2014,5
11,3004,5
INRST,1003,5
11,4008,5
47,4009,5
INGRI,1003,5
INFIS,1003,5
11,1003,5
WTSG,1006,5
TI,3014,5
INCIR,1003,5
S,1002,5
OSSANTRICITY,3014,5
CERCHIO,24002,5
ELS,1003,5
AC,6001,5
B,2006,5
ELM,1002,5
55,1015,5
LEEX,1002,5
EA,1002,5
SURT,17001,5
DS,1002,5
38,3010,5
QSFP,2003,5
TSW,4009,5
FY,1002,5
QCONTAINMENT,17001,5
DS,6004,5
EA,1003,5
PX,3004,5
E,24001,5
CE,3004,5
PLT,19001,5
LH,4007,5
VG,4009,5
SVS,2002,5
POWS,4009,5
ANT,2001,5
01,1015,5
DT,3004,5
PS,3004,5
00,3004,5
R,1008,5
R,2001,5
LP,1003,5
PAS,17001,5
OVOVA,1003,5
ACRD,17001,5
27,4009,5
ACS,2006,5
I,99001,5
99,2014,5
P,4007,5
06,2013,5
CON,99006,5
AD,3004,5
RC,24001,5
LSC,3004,5
05,3035,5
SW,4004,5
RBC,17001,5
PAN,20007,5
PAN,20008,5
ART,1002,5
LS,3004,5
R,4004,5
HEE,1002,5
BDSFROR,1002,5
20,1002,5
34,3010,5
CF,3004,5
KCP,3004,5
N,1002,5
18,4009,5
15,99001,5
BTIGA,1003,5
GWDX,1003,5
MPC,3004,5
92,4009,5
54,6004,5
FD,1008,5
CVXC,3004,5
VWIC,2003,5
26,3004,5
BTIKW,1003,5
57,3004,5
BTILN,1003,5
KCS,3004,5
L,4001,5
BTIF,1002,5
91,1016,5
MTL,3032,5
17,4009,5
20,17005,5
CVR,2002,5
FFXCLC,1001,5
MV,2016,5
87,4009,5
CHFCA,4009,5
MR,3004,5
T,3004,5
TE,2002,5
KDF,17001,5
UTAX,99001,5
MXA,4009,5
31,1002,5
30,3004,5
C,2015,5
SCSC,1002,5
UNM,20006,5
SD,2003,5
MGA,1002,5
98,1002,5
14,1001,5
SCST,1002,5
75,3004,5
96,4009,5
FAP,1008,5
V,3004,5
WEXTWAR,17001,5
FHZ,1008,5
SMTL,17001,5
SCA,17005,5
FQC,3002,5
FAZ,6007,5
30,17001,5
FIN,1003,4
FJ,3004,4
AMP,4009,4
CP,24001,4
CBR,99006,4
PSP,4009,4
AP,24001,4
PSU,4008,4
HIAX,4008,4
DT,17009,4
DYMS,1003,4
AM,17009,4
PUL,1008,4
MS,2001,4
PUY,1008,4
ARREDI,99001,4
LF,3004,4
FG,1002,4
MEM,2002,4
FIS,1003,4
CP,6027,4
PKY,17001,4
MIS,17005,4
AP,17007,4
MM,1002,4
BY,4009,4
MN,3004,4
MGB,2006,4
PH,1003,4
PG,1003,4
EB,4009,4
C,1006,4
FX,1002,4
DT,2014,4
HS,3004,4
LIC,99009,4
DS,4009,4
DS,2013,4
PRA,1002,4
LGI,3005,4
BTIFN,1003,4
CPSG,6011,4
FHC,1008,4
CP,2002,4
APPC,4009,4
P,4009,4
KTL,3004,4
LCSCOM,1002,4
IMPIANTI,99001,4
AUTRBA,6004,4
ER,17001,4
CTI,4008,4
CAB,4009,4
MC,3004,4
INFMP,1002,4
MBI,3004,4
OPTOUT,3009,4
AX,6003,4
EST,17005,4
BIAMTESIRAFORT,4009,4
DH,3004,4
CMB,1003,4
CFPH,1008,4
IY,6003,4
ISR,2002,4
CM,4009,4
CSG,3014,4
FP,6001,4
EXC,4009,4
F,1002,4
DDY,3004,4
CK,3004,4
NOX,1003,4
MATERIALE,1002,4
MATERIALE,2006,4
F,6001,4
NS,3014,4
DCNM,4007,4
ER,3004,4
GALAXY,3004,4
KNB,17001,4
FER,1003,4
BTBAQ,2014,4
HZN,3011,4
PAN,17009,4
MU,3004,4
MW,3037,4
HZN,3019,4
LEGTKT,1002,4
L,4009,4
FW,1008,4
C,3009,4
LEGTAZ,1002,4
GW,4002,4
ICOC,3004,4
AT,3004,4
BOSCH,99001,4
LDT,1002,4
LED,24001,4
N,2001,4
D,2001,4
D,2002,4
L,4004,4
OTHER,4001,4
FER,1002,4
IM,6003,4
FORFC,6007,4
OTHER,2001,4
CPHARECADVEMAILT,6002,4
MCF,3004,4
NC,1002,4
CTI,20001,4
MA,4009,4
00,1002,4
APR,1006,4
52,1002,4
T,6003,4
54,4009,4
54,1002,4
TB,1003,4
22,1001,4
53,1003,4
VOM,1003,4
TC,3004,4
23,4009,4
26,4009,4
24,1002,4
RR,1003,4
51,3004,4
S,1006,4
SHURCVG,4009,4
26,1002,4
S,2001,4
VF,24001,4
20,17009,4
20,4009,4
RK,2014,4
86,4009,4
WF,6012,4
14,3032,4
RBK,3004,4
WEXWAR,17001,4
60,3016,4
15,3004,4
60,1002,4
SXS,24001,4
59,1002,4
15,4009,4
17,3004,4
86,1002,4
RH,3037,4
RH,3039,4
86,1006,4
VWIC,4005,4
86,3004,4
VENTA,24001,4
TE,6012,4
R,3004,4
44,3010,4
93,3004,4
93,4009,4
TLC,1002,4
TM,1011,4
SC,4002,4
45,3010,4
45,1003,4
45,1002,4
39,4009,4
VCF,3019,4
40,1001,4
40,1003,4
40,4009,4
43,3004,4
41,1002,4
41,3004,4
SDAV,17001,4
TSS,4009,4
35,3004,4
TLAV,4009,4
SC,2003,4
33,3004,4
VCF,3011,4
50,3010,4
SG,3014,4
SFTWES,17001,4
SA,24001,4
V,1016,4
49,17001,4
TFGL,1002,4
UTENZA,99001,4
49,1003,4
32,1002,4
91,2006,4
SBP,17001,4
32,1003,4
A,2014,4
A,2003,4
91,17009,4
WG,1008,4
VX,4009,4
80,4009,4
03,1002,4
SVS,4008,4
12,3032,4
76,3004,4
Q,3004,4
Q,3002,4
66,3004,4
03,4009,4
SNS,6001,4
03,17001,4
WSGA,6009,4
AI,2014,4
04,2006,4
SVCVN,3014,4
72,3004,4
72,1006,4
X,2014,4
AJXMPMPAF,1001,4
WT,1006,4
AIR,2015,4
WUPGEAA,17001,4
AIR,2003,4
SMX,17001,4
AIR,2006,4
02,2006,4
02,1002,4
02,2014,4
13,3032,4
SW,17001,4
Z,2016,4
SRDM,3005,4
SW,3022,4
01,4009,4
73,3010,4
STACK,2016,3
TFGL,1003,3
IM,4003,3
CAVFS,1003,3
ISA,6025,3
72,2006,3
TM,6012,3
IRM,2003,3
CAT,2002,3
43,1002,3
42,4009,3
49,3010,3
CAVH,1003,3
STD,1002,3
ST,99001,3
MATERIALE,99001,3
STD,24001,3
50,1001,3
ITP,1002,3
50,1002,3
STSFMOPP,6004,3
I,1002,3
48,3004,3
IPBS,2006,3
IQ,3005,3
SSD,2002,3
MANUTENZIONE,99008,3
46,1002,3
CO,2006,3
IM,6012,3
CN,3004,3
IMCAREG,4004,3
SSG,2012,3
MANUTENZIONE,99001,3
MANUTENZIONE,17008,3
ITW,1003,3
TM,3031,3
MAL,1003,3
46,17009,3
CASP,3032,3
CMPCT,2002,3
INRTG,1003,3
INSFMP,1003,3
SS,17009,3
48,1002,3
IDAV,17001,3
ILMPEW,1003,3
SS,6012,3
LEGAI,1002,3
SUBS,3022,3
IY,6012,3
SXWRCF,17001,3
66,3010,3
LIBSESMG,17001,3
55,4008,3
CC,1002,3
42,3004,3
L,2006,3
SVS,3009,3
T,1002,3
CFAPPBL,1008,3
57,1006,3
SYBT,17001,3
CCAAG,1001,3
SXWUI,1011,3
LABGE,4009,3
65,3004,3
PVDPP,4009,3
64,3010,3
LEGTKM,1002,3
LEGC,1002,3
CEN,4009,3
CCX,4004,3
LEGAP,1002,3
SWONTAPSELM,3014,3
LEGAM,1002,3
CDB,2002,3
SWONTAPOFLASHA,3014,3
62,3010,3
CE,1003,3
CDB,2006,3
LEEXF,1002,3
L,2002,3
LIC,2003,3
50,3004,3
TE,6001,3
JD,2006,3
JE,2005,3
JJLB,3035,3
70,1002,3
SWDCE,17001,3
CBL,1002,3
LOVLM,1003,3
LKIEC,1002,3
51,1003,3
LK,1002,3
51,1011,3
68,1002,3
CBRCBC,1002,3
CBREFC,1002,3
KDH,17001,3
CG,6004,3
KIT,24001,3
LICENZA,3005,3
67,3010,3
SVC,3041,3
52,1001,3
66,4007,3
52,2006,3
66,4002,3
KTD,3004,3
TC,1002,3
53,1001,3
KU,4009,3
LIC,2012,3
53,4009,3
CON,99001,3
35,1002,3
HY,3010,3
WICT,1006,3
13,1002,3
DE,3014,3
WM,4009,3
WMBL,4009,3
DEH,1002,3
EXP,3004,3
DELL,3004,3
12,4009,3
DENODN,4009,3
EXC,4007,3
EXC,3004,3
EVE,3005,3
DF,6003,3
11,3032,3
ESX,1006,3
ESW,4009,3
WP,4009,3
13,2014,3
F,3014,3
11,1001,3
WHYM,6016,3
W,1002,3
W,24001,3
18,1001,3
17,1003,3
CZ,3010,3
WBSA,6009,3
WC,1006,3
WD,1003,3
FD,1002,3
14,4009,3
WEBEX,4008,3
DATA,3014,3
FAC,6007,3
DC,4001,3
WGTBS,1008,3
F,4009,3
DCN,4009,3
WPC,1002,3
DIN,4009,3
VZ,24001,3
EF,3014,3
ECS,3005,3
XMV,4009,3
XSFPH,3014,3
DS,2014,3
DS,3004,3
04,1002,3
EC,1006,3
EAP,2006,3
EA,17005,3
03,1015,3
DSTACK,2003,3
01,1002,3
E,2014,3
YUA,17009,3
E,2001,3
E,1002,3
DY,1003,3
05,1002,3
EF,4004,3
DK,1003,3
EGX,17001,3
ENHSPT,6009,3
EN,3004,3
EMSA,6009,3
ELSN,1003,3
10,2014,3
DLPSIP,6009,3
WSPA,6016,3
DM,24001,3
ELDS,1002,3
DN,1002,3
ELB,17005,3
DNA,2003,3
EI,6012,3
EI,3004,3
07,1003,3
X,2002,3
X,2006,3
FGR,6007,3
19,4009,3
41,24001,3
UM,3004,3
35,3015,3
35,3002,3
MB,4007,3
HA,2013,3
H,99001,3
34,1002,3
UPG,4004,3
33,3010,3
33,1002,3
33,4,3
GWDX,1002,3
GW,17005,3
GVSBPSU,17001,3
GUSNB,1002,3
CPP,1008,3
31,4009,3
CPSBNGFW,6002,3
UNDX,4009,3
UJXMXMXCF,1001,3
UTPSP,1008,3
UE,99001,3
HW,2014,3
HUSCR,3004,3
TST,24003,3
CP,1008,3
HS,4001,3
HS,3010,3
TXCOLFS,1003,3
UA,4009,3
HI,2014,3
38,3004,3
UCAPPS,4004,3
UCSS,4001,3
37,3004,3
CPCESCOPREMIUM,6002,3
HEXD,3004,3
UDS,17009,3
37,1002,3
31,3002,3
30,3005,3
VXL,4009,3
VMW,4004,3
VOG,4009,3
VP,3005,3
22,1003,3
CT,24001,3
FORTA,24001,3
VPCEB,3004,3
21,17005,3
VPCS,3004,3
FMG,6007,3
CU,2014,3
FME,1003,3
FME,1002,3
CUCM,4004,3
VS,2002,3
CUWBPS,1008,3
VT,1006,3
CV,3032,3
22,4007,3
23,1002,3
CPSGVSECAWSBUNNGTP,6002,3
24,24001,3
30,1003,3
CPSGVSECVENBUNNGTP,6002,3
29,1002,3
28,4009,3
CPSM,6011,3
CPW,4001,3
G,3035,3
CQ,24002,3
G,3004,3
FZUYLE,1008,3
27,3004,3
26,1006,3
CS,4001,3
VG,4005,3
VG,17001,3
VG,24001,3
VIC,4005,3
SRTRK,17001,3
PVDPA,4009,3
TAT,2013,3
SCAT,2002,3
BECB,1002,3
MS,2002,3
OTHER,4007,3
QC,17005,3
RM,4009,3
SIC,24001,3
NSGL,6004,3
BTCNT,1003,3
MS,6012,3
88,24001,3
SCA,1002,3
PFA,2013,3
PE,4009,3
89,3004,3
QP,1006,3
MTL,3031,3
SHURMXA,4009,3
QSFP,2001,3
AF,3010,3
OTHER,6004,3
ACCU,17001,3
PG,17005,3
AEMK,1006,3
AI,17009,3
83,3010,3
BTIL,1003,3
PMPCF,1003,3
ATTIVITA,99001,3
PM,4009,3
PX,1002,3
MN,3036,3
BTIK,1003,3
PL,6001,3
ACCD,17001,3
BE,4003,3
NTA,1002,3
ACCESSORI,99001,3
SK,6012,3
BTIG,1003,3
NSYS,24001,3
OTHER,3005,3
PZLRB,1008,3
BTIF,1003,3
ACCIOT,2006,3
RLADBT,1003,3
OTHER,17005,3
PN,3004,3
SEC,6001,3
AD,6003,3
PA,2014,3
NMF,1008,3
92,2014,3
NBPD,17001,3
P,1006,3
ACS,2002,3
AS,24001,3
NK,1008,3
SE,99001,3
RC,3039,3
NC,4009,3
94,1002,3
NETWORK,2002,3
NEW,4004,3
NFACI,17009,3
RH,3005,3
94,4009,3
NIM,2002,3
BM,1003,3
RINNOVO,3005,3
ACI,17009,3
BT,1008,3
PB,1002,3
QZYWCCL,1008,3
MUXL,4009,3
ADP,4009,3
MVP,4008,3
NP,24001,3
PC,2014,3
PC,1002,3
BRKT,4008,3
MX,3004,3
SCSCOM,1002,3
91,4007,3
90,24003,3
R,3015,3
SD,2002,3
NOLEGGIO,99007,3
91,4001,3
PAN,20011,3
PAN,20009,3
SFP,2001,3
SD,4009,3
BTILNA,1003,3
RO,4009,3
SM,2003,3
PS,6003,3
SAM,3004,3
PSS,99005,3
PS,24001,3
C,3010,3
AMOM,4009,3
PS,6012,3
SPA,2003,3
SP,24002,3
S,4009,3
AK,4009,3
BY,1002,3
78,17005,3
AMP,6001,3
AK,1003,3
78,24002,3
B,17009,3
SP,4009,3
AVH,2013,3
80,1002,3
PROMO,99001,3
PSU,2006,3
SPACES,2001,3
PSU,3004,3
AX,1002,3
SRT,24001,3
75,4001,3
SRG,4009,3
SA,2014,3
CAB,4001,3
PVUTP,1008,3
OC,1006,3
PULIZIE,99001,3
77,1002,3
CAB,1003,3
SA,3004,3
MCPL,1015,3
MCT,3037,3
PT,4009,3
SPD,24001,3
SAAS,3041,3
ALI,17009,3
MEC,1003,3
MEFA,1002,3
80,3010,3
MEHE,1002,3
NWSTACK,2003,3
NW,3035,3
MGPKY,1003,3
S,1008,3
PWR,6001,3
OSSANTRCTY,3014,3
A,2006,3
80,24001,3
AIR,2002,3
82,4009,3
SBXEX,6009,3
MGA,1003,3
SM,4002,3
PWR,2015,3
AIM,2003,3
VMW,3011,2
S,1003,2
GB,99001,2
FL,2002,2
FSC,1002,2
P,1002,2
FL,2001,2
VWIC,4001,2
VU,3019,2
RISTRUTTUR,99001,2
FSBX,6016,2
GATEWAY,1002,2
RK,2006,2
OVA,1003,2
VARTAAABL,1002,2
FWENMC,17001,2
RO,3004,2
VM,1002,2
RYTFSB,1002,2
WADV,17001,2
RCS,24002,2
VIN,1003,2
REVAMP,4009,2
VIVE,4009,2
FG,17009,2
W,17001,2
VAR,1002,2
GCAC,3004,2
RP,24001,2
P,2014,2
P,2003,2
FTK,6007,2
VZ,17001,2
OM,4008,2
FTD,6001,2
FT,2006,2
P,1008,2
FHCZO,1008,2
VXS,4009,2
OSONTAP,3014,2
S,24001,2
OVA,1002,2
VSP,3035,2
FL,3004,2
VR,3019,2
OSDDE,1003,2
FMT,1008,2
VFM,4009,2
VPODE,24001,2
S,3010,2
OS,1002,2
FNC,6007,2
FYWUL,1008,2
VD,1003,2
VPCZ,3004,2
VDIC,1002,2
FX,4009,2
FORFAZ,6007,2
RO,4002,2
VEN,24001,2
FWF,6007,2
S,3032,2
FORFMG,6007,2
S,3031,2
RM,24001,2
VOSTRO,3004,2
OSL,1003,2
FZTRL,1008,2
VO,6002,2
OTHER,2002,2
FLIR,2013,2
VC,3011,2
VC,3019,2
FS,6004,2
S,6004,2
VS,1003,2
ONE,99004,2
OV,1003,2
ONTAP,3014,2
RXM,17001,2
WADVEAA,17001,2
G,1002,2
FLUKE,1002,2
FROR,1002,2
FROCPR,1002,2
OP,2014,2
OTHER,99001,2
RO,4007,2
FP,6007,2
FFXLCSC,1001,2
RA,3039,2
WALIMLED,24002,2
EKA,2006,2
PMPRK,1003,2
ELB,1003,2
WSTRTUP,17008,2
WT,1002,2
WUPG,17008,2
EKA,3004,2
EJ,1011,2
WSD,3011,2
EI,6003,2
POEXKIT,1008,2
POWER,1008,2
WUPGSTRTUP,17001,2
PP,6004,2
PPC,3004,2
ELCSN,1002,2
PMPRAG,1002,2
ELDS,1003,2
WSTRTUP,17007,2
ELF,1002,2
PMPMFL,1003,2
WSPA,6009,2
ELM,1003,2
PM,3004,2
PLS,99005,2
WSP,2002,2
PX,1003,2
WSGYCM,6017,2
WSGA,6016,2
EPIPHAN,4009,2
EPU,24001,2
EQ,3004,2
PWR,3004,2
PWR,2016,2
PRO,4009,2
XVS,24001,2
DX,4009,2
ZZK,1006,2
ZCS,24002,2
PVUTPSPC,1008,2
YXPETDL,2013,2
PW,2013,2
E,2006,2
PTS,3004,2
PT,4007,2
PWDBUT,2014,2
YT,2013,2
PSU,4001,2
YSKCSA,17005,2
Y,99001,2
PWPESW,2014,2
EF,3005,2
PS,99001,2
XTAR,1002,2
EB,1008,2
ECIF,1006,2
ECO,1006,2
PWR,2001,2
PS,2012,2
ECRM,1006,2
PS,1002,2
PRW,3004,2
PROTECTION,3005,2
ECTT,1006,2
XENPAK,2002,2
XBP,17001,2
PY,1003,2
WS,3011,2
WALLMOUNT,2015,2
RAILV,6009,2
FC,6011,2
FC,6009,2
WDCE,17001,2
RC,4002,2
FAXLCUC,1001,2
RBRCDE,3005,2
FAPH,1008,2
ER,24001,2
RACK,1006,2
FANT,6007,2
FACCZ,1008,2
RACK,1002,2
FAB,99001,2
F,24001,2
RCA,3039,2
PA,2003,2
P,17009,2
WBSA,6016,2
WB,6012,2
WAVE,2014,2
RCKMNT,2002,2
WATTICS,24001,2
WASSEMSTRT,17001,2
WASSEMPDU,17001,2
WASSEMNB,17001,2
WASSEMEXBAT,17001,2
FFQ,3004,2
WASSEM,17007,2
FFWLCLC,1002,2
RCKMNT,4008,2
P,6007,2
WGSW,1008,2
OFROR,1003,2
PATCH,1002,2
EVENTO,99001,2
PKX,17001,2
PYB,17009,2
PZE,99001,2
ESS,2003,2
WOM,2001,2
PI,2001,2
PHTSU,4009,2
WOE,17008,2
WOE,17007,2
ETST,1002,2
EUZX,1006,2
EVC,24001,2
WMN,4009,2
Q,17001,2
QCONT,17005,2
WH,4001,2
EW,4009,2
EX,3004,2
WME,1006,2
PFNBTPS,2014,2
QE,1002,2
PE,3004,2
EXP,4007,2
EXPWY,4004,2
PDPM,17001,2
WLC,2001,2
WL,3004,2
PD,2006,2
PC,3004,2
WHALFDAYWH,17001,2
GENE,4009,2
MBA,3004,2
GENERI,99001,2
MODE,2002,2
MP,4009,2
MPC,4009,2
L,3009,2
MPL,17001,2
MPM,24001,2
SISR,4005,2
SIR,2015,2
MRC,1002,2
MRC,1003,2
KZ,4009,2
TAUD,3004,2
MRY,3004,2
TAUD,4007,2
SIR,2003,2
SIDMFA,6004,2
SXWUI,24001,2
SXWSWNDES,17001,2
LEB,1002,2
SXWSWESXX,24001,2
LE,1002,2
SX,17001,2
LCSTOM,1002,2
SL,6003,2
SL,4004,2
SXS,17001,2
MNT,17005,2
SXWASPXXX,17001,2
LC,3004,2
MOBILETTO,99001,2
LBB,2014,2
LAXLSS,1003,2
LAEC,4009,2
SL,3004,2
LABGC,4009,2
KTT,3004,2
KTM,3004,2
TB,24001,2
SI,4009,2
SH,1002,2
J,2002,2
MW,1003,2
TEZB,1002,2
IWM,2006,2
SFP,3004,2
ITIC,1002,2
ISRWAAS,2003,2
ISR,4008,2
TEZB,1003,2
TEZBE,1002,2
SFP,2006,2
SFP,2003,2
MXPPPLUSDL,2013,2
MXW,4009,2
SH,6009,2
JH,2005,2
TELZB,1002,2
KKIS,2013,2
MS,6003,2
KTA,3004,2
KSB,17001,2
MS,17009,2
KL,6004,2
MT,2001,2
KDK,17001,2
TEABL,1002,2
MT,3004,2
KDC,17001,2
SHURA,4009,2
SHM,3004,2
MTP,3004,2
JM,3004,2
SX,2014,2
SWSSPONTAPSELM,3014,2
GEW,1003,2
MEFA,1003,2
M,2006,2
STFMOPP,6004,2
STMTRJ,1002,2
M,1002,2
LYR,99001,2
STN,1003,2
STP,1008,2
SU,3004,2
SPA,2012,2
SUB,3041,2
LREMS,1003,2
LP,1002,2
LOVLPXC,1002,2
SP,17009,2
SUBSCLOUDTIERINGSVC,3014,2
M,2013,2
SPACES,6025,2
SLACKLINE,24002,2
STAFFA,1003,2
SR,3004,2
MATERIALE,17009,2
MCF,2006,2
SPRT,6016,2
MASK,4009,2
SPM,1003,2
MCP,3014,2
MANUTENZIONE,19001,2
ST,4009,2
ST,24001,2
SPE,1002,2
ME,2002,2
STACK,2003,2
MEC,1002,2
SPC,2013,2
LIQ,1002,2
SP,17001,2
SURTRK,17001,2
SP,4001,2
LG,4009,2
SM,99001,2
MGB,3004,2
LEGTKG,1002,2
SWAP,2001,2
LEGCLK,1002,2
MGPKX,1003,2
SWAP,2015,2
LEGAT,1002,2
MK,3004,2
MK,4009,2
SWATCH,2002,2
SWFLASHBNDLADD,3014,2
SLSL,1003,2
MLCABPL,1002,2
SME,3004,2
LH,3004,2
MG,3004,2
LIC,2014,2
SP,3004,2
LIC,24001,2
SV,4004,2
SP,1011,2
SONY,3005,2
SOLO,17009,2
SOL,99006,2
SVS,4015,2
LIC,2006,2
METSEPM,24001,2
MEZZO,4007,2
MF,24001,2
MFB,1002,2
SMS,3004,2
ISE,2001,2
TFSECTRKSVRSTDSUPP,6004,2
ISC,24001,2
HBW,2013,2
HAT,3004,2
NTA,1003,2
HA,3010,2
NTFNFXI,1002,2
NTOPNG,6004,2
NTPS,2006,2
NTR,1002,2
NUANCE,4004,2
UNI,3004,2
UNITYCN,4004,2
NUY,1008,2
UPDL,17009,2
SC,2006,2
H,3002,2
NWSTACK,2002,2
HB,3004,2
HCI,3011,2
ISC,2014,2
HD,2006,2
NSYCAG,17001,2
HF,2002,2
NSYCVF,17001,2
UCSC,2002,2
NSYMM,17001,2
NSYPLM,17001,2
NSYS,17001,2
HE,2014,2
HE,2006,2
UE,4009,2
HDS,3004,2
NSYSQCR,17001,2
HDMI,4009,2
SC,3004,2
HD,3004,2
H,1002,2
USAU,1002,2
SRTGRK,17001,2
GWJ,4002,2
SAROS,4009,2
GORNE,1002,2
GORN,1002,2
GOCNE,1002,2
SAM,4001,2
GOCN,1002,2
SAL,6001,2
SADRIN,2014,2
OB,1002,2
OBO,1002,2
V,3005,2
GLD,3005,2
GK,3004,2
GF,1002,2
GEWDX,1002,2
GT,2006,2
GT,3004,2
GTM,1002,2
GVSUPS,24001,2
USB,4002,2
NX,3004,2
GWD,4002,2
UT,1002,2
GW,1008,2
UT,1008,2
NXLZZ,1002,2
NZY,3004,2
GVSOPT,17001,2
GVSCBC,17001,2
GVSBTH,17001,2
NXZAZZE,6003,2
GVLOPT,17001,2
GVL,17001,2
UC,4004,2
U,3005,2
SCB,1006,2
SDOPP,1003,2
INGSTO,1003,2
TL,3004,2
SED,24001,2
IND,25002,2
IMPRO,4004,2
TM,3005,2
TM,3014,2
NFC,1002,2
SDWC,1006,2
SDWA,1006,2
IM,4001,2
ILMAPV,1002,2
ILAPV,1003,2
IGT,2006,2
SDSSDE,3004,2
INMST,1002,2
INMST,1003,2
INR,1002,2
IPC,2013,2
IS,2014,2
SF,4009,2
IR,2003,2
IR,2002,2
SF,4008,2
IPDECT,4004,2
SERVIZIO,3003,2
TL,2006,2
TICO,1003,2
N,3035,2
IOSXE,2003,2
TIS,1003,2
INSTAX,99001,2
INSFMPV,1003,2
IEM,2002,2
NI,4008,2
HPE,3004,2
SDK,4004,2
TST,4009,2
HW,3004,2
SD,3004,2
NOLEGGIO,99001,2
HT,3004,2
NOT,17009,2
HSC,1002,2
TSW,3004,2
NP,2014,2
TTK,4009,2
TVDP,2013,2
SCRIVANIA,99001,2
NRR,3004,2
NS,3004,2
U,1002,2
SD,17009,2
HX,2013,2
HX,3009,2
NM,4005,2
SDCZ,4002,2
ICW,4001,2
SDCS,3004,2
NIM,2006,2
IBO,1003,2
TOGGLE,4009,2
NM,6003,2
NMGPKX,1003,2
TP,1003,2
NM,6012,2
TP,24001,2
HXDPS,3030,2
TRASPORTO,99010,2
TS,6004,2
USB,1002,2
IMCAREB,4004,2
DUS,24002,2
BTIAM,1003,2
BC,1002,2
BD,3010,2
BE,4001,2
BEL,1002,2
BG,17009,2
BLBIZ,1002,2
BLUX,24002,2
BOSCH,1002,2
BOXNUC,3004,2
BT,1002,2
BT,2014,2
BTBAW,2014,2
BTC,1003,2
BTC,4002,2
BTIGN,1003,2
CBRTE,1002,2
BTIKA,1003,2
BTILN,1002,2
BTIN,99001,2
C,3002,2
CA,3004,2
CAB,1002,2
CAB,2015,2
CAE,1002,2
CAP,24002,2
CAVFG,1003,2
CBBT,1003,2
CBCBC,1003,2
CBL,3004,2
CBRPM,1002,2
BBH,1002,2
BAW,2014,2
BAT,24001,2
B,1006,2
ADCBASO,4009,2
ADV,2003,2
AE,3010,2
AFAOO,6004,2
AI,6004,2
AIADM,1003,2
AJXMPMPAD,1001,2
AK,1002,2
AL,2006,2
AM,1002,2
AMC,2014,2
AMX,4008,2
ANT,2006,2
AOC,3004,2
APARCM,4009,2
APART,4009,2
APPC,4008,2
AR,17005,2
AR,17009,2
ART,1003,2
AS,17009,2
ASI,1003,2
AT,4007,2
ATEM,4009,2
AVC,1003,2
AVEBL,1002,2
AW,2006,2
AX,6012,2
B,99,2
CBRSF,1002,2
CBRTEO,1002,2
DA,1003,2
CR,4001,2
CPCGASSAASPREM,6002,2
CPCGASSAASPREMBASEY,6002,2
CPCGWAFERTPADD,6002,2
CPEBP,6002,2
CPEBP,6011,2
CPESSSPREMIUM,6002,2
CPESSSPREMIUM,6011,2
CPHAREADVEMAILT,6002,2
CPPA,1008,2
CPSGVSECAWSBUNNGTX,6002,2
CPSGVSECAZUREBUNNGT,6002,2
CPSGVSECVENBUNNGTX,6002,2
CPW,4004,2
CR,1003,2
CRD,3004,2
CBS,2002,2
CRO,4009,2
CS,3005,2
CSA,2013,2
CSCAL,1003,2
CSPC,3041,2
CT,4002,2
CUEFRT,1008,2
CUWL,4004,2
CVG,4009,2
CVM,24001,2
CVPGH,1003,2
CVS,4009,2
CWBECE,6017,2
D,1008,2
CPCESCOPREMIUM,6011,2
CPAPMHS,6002,2
CP,6028,2
CP,4009,2
CBTO,1002,2
CCSD,4009,2
CCSFROR,1002,2
CEA,1003,2
CEL,1003,2
CEMPKC,1002,2
CERTEGO,20011,2
CES,6001,2
CEZ,1003,2
CGM,2002,2
CHRMF,4009,2
CHRXF,4009,2
CI,3014,2
CIDARWIN,2014,2
CIMC,2002,2
CIMC,3030,2
CJS,1008,2
CL,1003,2
CLMSWITCH,3014,2
CLUX,4009,2
CM,6012,2
CMB,1002,2
CMHOOK,1006,2
CMS,4009,2
CODETWO,3005,2
COLW,4009,2
CONAI,3005,2
CP,2014,2
CP,3004,2
ADB,1002,2
ADAM,24001,2
AD,4009,2
36,4002,2
25,3004,2
25,4009,2
26,3002,2
27,1002,2
29,3004,2
29,24001,2
30,3016,2
30,4002,2
30,4009,2
31,3015,2
33,1003,2
34,3004,2
35,3010,2
36,2014,2
36,24001,2
AD,2014,2
37,3010,2
38,3002,2
38,3015,2
39,3002,2
39,3004,2
40,2014,2
41,99001,2
42,1002,2
42,17009,2
46,1003,2
46,2014,2
46,3004,2
47,2014,2
49,4002,2
24,4001,2
24,1006,2
23,1001,2
22,3015,2
00,4002,2
00,17001,2
02,3002,2
02,4002,2
04,2013,2
05,99001,2
06,3004,2
08,3004,2
08,4009,2
09,1002,2
09,3004,2
10,3005,2
11,4009,2
11,99001,2
13,1003,2
13,3004,2
13,4009,2
14,4001,2
14,4002,2
15,4001,2
18,1002,2
18,3004,2
19,2006,2
19,4001,2
20,1001,2
20,99001,2
21,4009,2
22,2006,2
22,3002,2
50,2006,2
50,4001,2
51,4009,2
90,6004,2
91,1011,2
91,4002,2
92,1002,2
92,24001,2
94,2006,2
95,1002,2
95,2014,2
96,1002,2
96,1006,2
96,2014,2
99,1001,2
99,3004,2
99,24001,2
A,3009,2
A,3010,2
A,17008,2
AAA,3031,2
AAS,1003,2
ABBONAMENTO,99001,2
ABBS,1003,2
ABL,24001,2
ABLM,17001,2
AC,3010,2
ACC,4009,2
ACERK,1006,2
ACRC,17001,2
ACRMD,17001,2
ACS,2015,2
ACT,4009,2
90,6027,2
90,2014,2
51,17001,2
90,2006,2
53,3004,2
53,4001,2
58,1002,2
58,3004,2
59,3004,2
64,1001,2
65,4001,2
65,4008,2
69,24001,2
70,3004,2
70,4008,2
73,1006,2
73,2014,2
73,6016,2
74,1006,2
74,3005,2
74,4002,2
76,2003,2
77,3002,2
77,4009,2
78,4001,2
78,24001,2
81,1006,2
84,2006,2
87,24001,2
88,4001,2
89,4007,2
90,1002,2
90,1003,2
D,2006,2
ZZZ,4009,2
DSTACK,2002,2
DH,4001,2
DATAPACK,5001,2
DO,24001,2
DF,24001,2
DIN,24001,2
DEH,1003,2
DCC,1003,2
DS,2003,2
DEVPACK,5001,2
DNAS,2001,2
DS,1003,2
DTXM,3004,2
DF,17001,2
DSE,17009,2
DMPS,4009,2
DURMN,1003,2
85,2006,1
84,4001,1
SL,2015,1
DNRE,17009,1
SL,3005,1
83,4009,1
SL,4001,1
84,1002,1
SL,4005,1
SKU,1003,1
83,4001,1
SLASR,2002,1
SLASR,2003,1
SLASXX,1011,1
SLBBL,3004,1
SLC,3004,1
SLDAN,4009,1
SL,2001,1
FARO,2014,1
SKU,1002,1
SK,17009,1
88,1006,1
DNE,1006,1
SIDACCBASE,6004,1
SIDACCPREM,6004,1
SIDEKICK,2006,1
87,17008,1
SIE,2002,1
SIGNO,2014,1
SILV,3004,1
SIR,2002,1
87,17001,1
87,4007,1
87,4001,1
87,3004,1
SISR,4004,1
87,1002,1
SIT,99001,1
SK,2014,1
86,4002,1
SK,3015,1
85,3004,1
86,2005,1
SLM,2002,1
SLENN,1003,1
SLIMLINE,4009,1
DO,2014,1
SMVS,1002,1
81,4,1
SN,1002,1
SN,2015,1
80,99001,1
SNC,4008,1
80,4007,1
SNF,24001,1
SNRENN,1002,1
SNRPKX,1002,1
SNRPKY,1002,1
SNRSL,1002,1
SNS,3009,1
80,4002,1
SNT,2013,1
SNVS,3004,1
SOFTWARE,6009,1
SOFTWAREFACILITY,99001,1
80,3005,1
80,2005,1
SONOPORT,4009,1
SONOSPORT,4007,1
81,3005,1
SMS,6007,1
81,4001,1
SM,4005,1
EI,3010,1
SLPSXCV,24001,1
SLPWXCVX,24001,1
83,3005,1
SLXDI,4009,1
SM,2002,1
83,3004,1
SM,2006,1
82,99001,1
82,24002,1
82,3010,1
SMP,3004,1
82,2014,1
SMA,3004,1
SMA,4004,1
SMALTIMENTO,99001,1
SMARTDOME,2013,1
SMB,3004,1
SMC,17001,1
81,17001,1
SMILE,3005,1
SMLD,3004,1
SIC,2014,1
SHURMXW,4007,1
SHURVP,4009,1
92,6004,1
SE,3004,1
SE,6004,1
SE,24001,1
93,2006,1
SE,99003,1
SEA,3004,1
SEAL,24001,1
SEBS,3004,1
DN,4009,1
SEC,24001,1
SELENN,1002,1
SE,1003,1
SELX,2013,1
SEM,1003,1
SENSORE,1002,1
SEOBS,1002,1
SEP,6004,1
92,4002,1
SER,99009,1
SERENA,3005,1
SERV,3005,1
SERV,19001,1
SE,2013,1
SE,1002,1
SHURSM,4009,1
SDSQUNC,3004,1
ELC,1002,1
SDP,1006,1
SDPA,1006,1
SDQ,4009,1
SDS,3004,1
SDSDQXP,3004,1
SDSDUNC,3004,1
SDSQQNR,3004,1
SDSQQNR,4002,1
SDSQUAR,3004,1
SDSQXA,3004,1
DN,2002,1
SDSQXAV,3004,1
SDSQXCD,3004,1
95,1001,1
SDWA,1002,1
94,6004,1
SDWAN,2003,1
SDWAN,4008,1
SDWAN,6001,1
94,3004,1
SDX,17009,1
SERV,99004,1
SERVIZI,5001,1
SERVIZI,99004,1
SHELLY,17005,1
SG,3004,1
EJS,3004,1
SGE,2002,1
SGH,3004,1
SGHN,2006,1
EJQ,4009,1
SH,3004,1
DNAC,2002,1
SHA,2006,1
SHD,24001,1
SHELLY,24001,1
ELA,6001,1
DNADS,3004,1
SHO,24001,1
89,4009,1
SHURANIUSBMATRIX,4009,1
SHURBETA,4008,1
SHURCVDB,4009,1
89,4002,1
SONY,3003,1
SHURMXWAPXD,4007,1
SHURSLXD,4009,1
SG,2015,1
EJU,3004,1
DNA,6001,1
SFYRS,3004,1
SERVOUT,19001,1
SF,1006,1
SF,2002,1
91,99001,1
91,17001,1
91,6004,1
SFADV,3003,1
SFADV,3016,1
SFALCIO,99001,1
91,4004,1
DNA,3,1
DNA,2016,1
91,1002,1
90,24001,1
90,17009,1
SFP,3035,1
SFP,4009,1
SFPCMM,2006,1
SFPGESST,2002,1
90,17005,1
SFW,24001,1
SONY,2014,1
SP,1002,1
79,17005,1
SONY,4009,1
SUB,4007,1
SUB,4009,1
SUBS,3,1
69,3005,1
69,3004,1
SUBSCLDDATSENSETB,3014,1
SUBSCLDDATSNTB,3022,1
SUBSCLOUDTIERING,3022,1
69,1002,1
SUG,3004,1
SUPPORT,3035,1
SUPPORTO,99009,1
68,3010,1
SURT,24001,1
SURTD,17001,1
67,24002,1
SUS,17009,1
67,24001,1
SV,3005,1
67,1003,1
SVA,4009,1
SVC,3009,1
SVC,3014,1
69,3010,1
DP,3004,1
SUA,17001,1
STN,4009,1
STARLIGHT,3004,1
STBPDT,24001,1
71,17005,1
STD,1006,1
STD,4009,1
71,3004,1
71,1006,1
STKIT,2013,1
70,24001,1
70,17009,1
STO,24001,1
SUA,4007,1
DOXEE,3005,1
STP,17001,1
70,4007,1
STS,17009,1
70,4002,1
DP,1008,1
STT,24001,1
STYLU,4009,1
70,2014,1
SU,17005,1
67,1001,1
66,4001,1
SVF,3004,1
SW,24002,1
SW,3036,1
SW,3041,1
SW,3046,1
64,1002,1
SW,4008,1
SW,4009,1
SW,6004,1
SW,6016,1
EEO,3031,1
63,4009,1
SW,25002,1
64,3004,1
SWA,3046,1
63,4001,1
63,3010,1
63,3005,1
SWATCH,6001,1
SWATEMMINICEXTIS,4009,1
SWCLOUDDATASENSESUBS,3014,1
SWCLOUDVOLM,3014,1
SWCOREBNDLENLSASF,3014,1
SWCOREBNDLENVMEADA,3014,1
64,1006,1
SW,3004,1
SVFT,2014,1
SVS,2006,1
SVG,2002,1
SVG,2003,1
SVG,4001,1
SVG,4005,1
SVL,25001,1
SVR,6004,1
SVS,3,1
SVS,2001,1
66,3005,1
65,24001,1
SVS,2016,1
SW,2013,1
EEXPENSE,99001,1
65,4002,1
EER,3004,1
SVS,4016,1
65,3010,1
SVS,6025,1
SW,2,1
SW,1003,1
64,4009,1
SW,2002,1
STAFFA,4008,1
STAFFA,4002,1
71,24002,1
SPETDUTP,1003,1
SPC,1016,1
SPC,2012,1
77,3015,1
SPC,3004,1
SPC,24001,1
SPCE,2014,1
SPCK,2013,1
77,3010,1
DOC,4007,1
SPESECONDOMINIALI,99001,1
SPF,1003,1
SPB,6004,1
SPFEX,6007,1
SPFGPCORC,6007,1
SPM,1002,1
DOCUMENTAZIONE,99001,1
SPP,1011,1
SPRA,3004,1
SPRT,6009,1
75,24001,1
SPS,1008,1
SPT,1002,1
SPC,1002,1
EHWIC,4005,1
SPV,3004,1
SP,6004,1
SORBER,4009,1
SDDR,4002,1
79,3004,1
79,3002,1
SP,3014,1
SP,3035,1
79,1006,1
SP,4007,1
79,1002,1
SP,6003,1
79,17,1
77,17005,1
78,17009,1
78,4009,1
78,4002,1
EI,1002,1
SP,99001,1
78,3010,1
78,1002,1
SPA,4001,1
SPA,4007,1
77,24001,1
SPTRHWRUBRIK,99010,1
SQ,4009,1
71,99001,1
SSW,4008,1
SSAPWLTU,2014,1
SSAPWPE,2014,1
SSAPWPER,2014,1
SSAPWPEU,2014,1
SSAREINSTATE,2014,1
73,6009,1
SSC,3005,1
73,3005,1
SSDSA,3004,1
EG,1006,1
ST,1002,1
SSAPWCEU,2014,1
ST,1003,1
73,2006,1
ST,4002,1
EF,99003,1
72,24002,1
ST,24002,1
72,4007,1
STACK,2001,1
72,3010,1
72,2013,1
SSAPWLT,2014,1
SSAPWCE,2014,1
SQF,3004,1
SRGL,2013,1
SQM,4009,1
75,4008,1
SRB,1008,1
SRC,1002,1
SRC,1003,1
75,4007,1
SRDMS,3005,1
SRDMSITER,3005,1
SRG,2013,1
75,4002,1
SRST,2003,1
EGJT,1008,1
74,4009,1
EGPT,1008,1
74,4001,1
74,3010,1
EGPA,1006,1
SRTL,17007,1
EGJY,1002,1
SRVSL,17001,1
74,1002,1
73,17001,1
95,1016,1
SDCV,17001,1
SDDD,3004,1
RACKMNT,2001,1
AGS,3004,1
PY,17009,1
AGS,2015,1
PZAEFK,1006,1
PZC,1008,1
AGR,99003,1
AG,24001,1
Q,2013,1
AG,17001,1
AG,3010,1
Q,3005,1
Q,3010,1
Q,4001,1
AG,2014,1
QA,3005,1
QBX,1002,1
AFM,17001,1
AFFC,3014,1
AFFA,3014,1
QCONTAINMENTQAMA,17001,1
QDD,2002,1
AFF,3004,1
QE,4009,1
PXTNB,2006,1
AH,3004,1
PX,2014,1
DL,1003,1
ALG,6004,1
PW,4008,1
PW,4009,1
ALF,4009,1
PWE,24001,1
PWLP,2013,1
PWM,3004,1
AL,24001,1
PWPR,2014,1
EN,17001,1
EN,6003,1
EMSA,6016,1
AIRSERVER,3005,1
AIRCAP,2001,1
AIRANT,2001,1
AIR,2016,1
PWR,4001,1
AICOMBTEL,2013,1
AICOMBINO,2014,1
PWRCLIP,4001,1
PWRDR,2014,1
DLBAR,3032,1
QJX,3004,1
QM,3004,1
QM,4009,1
ADP,3004,1
EMAIL,2002,1
R,1003,1
ADVANCED,99004,1
EM,24001,1
ADS,3004,1
R,2003,1
ADP,4007,1
R,2006,1
R,2015,1
ADP,3041,1
ADP,2006,1
QW,2006,1
ADM,1008,1
ADM,1003,1
R,4001,1
ADM,1002,1
R,4009,1
ADEXC,3004,1
ADDON,4001,1
ADCKYRA,4009,1
EM,6004,1
RACK,2002,1
QXP,3004,1
QUOTA,17001,1
QMAKE,17001,1
AFA,6004,1
DLER,99001,1
QP,17005,1
QPP,1008,1
QSC,4009,1
QSCCORE,4007,1
QSCCORE,4009,1
QSCNV,4007,1
QSCSLQUD,4007,1
QSCTSC,4007,1
QSFP,2,1
AF,3004,1
QUICKSSL,3005,1
AESSE,1006,1
QSFP,2006,1
QSQTIDALI,1003,1
QSXRACK,17001,1
AERI,1006,1
QTIDALI,24001,1
QUADERNO,99001,1
QUADRI,17001,1
AEP,1002,1
QUICKCLEAN,1002,1
ALIMENTATORE,3004,1
ALIMENTATORE,24001,1
ALINP,4009,1
ANI,4009,1
PROFESSIONAL,99009,1
PROFILO,24001,1
PROFILO,24002,1
PROLINEAR,4009,1
PROMASK,2014,1
PROMO,2001,1
PROMO,3046,1
ANIUSB,4009,1
PRONELEGANCE,4009,1
PRONLINEARSE,4009,1
PRPROXPNTPBK,2014,1
PRININCEEL,4007,1
PRR,2014,1
PRT,3004,1
ANB,3004,1
PS,1001,1
AN,17005,1
ENVISIONMANAGERWEB,24002,1
AMPM,4009,1
AMP,4008,1
PS,4008,1
AMP,3004,1
ANNOVI,99001,1
PRI,1003,1
AMP,1002,1
ANSAW,3004,1
AO,24001,1
POZZO,99001,1
PP,3004,1
ANZR,2014,1
EPA,4007,1
PPC,4009,1
PPR,3004,1
PQLABSOVERLAY,4009,1
PR,1006,1
ANT,2003,1
PRA,17001,1
ANPR,2013,1
PREMIO,99013,1
PRESA,1002,1
PRESIDIO,19001,1
PRESTAZIONE,99,1
PRESTAZIONE,2006,1
ANPRO,2014,1
PRESTAZIONE,99008,1
PRESTAZIONE,99009,1
PREZI,99001,1
PREZONE,4009,1
PS,6004,1
PS,17009,1
ALK,3004,1
PUZ,1008,1
PT,3004,1
AM,4009,1
DK,3004,1
AM,1001,1
PUAWO,2014,1
PUBBLICITA,99001,1
PUFY,1008,1
ALTHEA,3004,1
ALPH,1002,1
ALPBP,17009,1
PV,4008,1
PSWSANCZZSPEZZ,24001,1
PVC,1002,1
ALP,1002,1
PVDM,2006,1
PVDM,4001,1
ALLESTIMENTO,99001,1
ALLESTIMENTI,99001,1
ALL,3014,1
PVE,4003,1
PVE,4004,1
PVN,4004,1
PT,1006,1
AM,24001,1
AMOM,3004,1
PSLY,3004,1
PS,24002,1
AMCHRMF,3004,1
PSAE,3004,1
PSAG,3004,1
PSAGDE,3004,1
PSAJ,3004,1
PSDEPLOYSTANDAFFH,3014,1
PSE,2006,1
PSEUS,1011,1
PSEUS,24001,1
PSNI,3004,1
PSU,4007,1
AMCHRLF,4009,1
PSPCDE,3004,1
PSPLTE,3004,1
PSREMOTEINSTALLATION,2012,1
PSS,4009,1
ENHSPT,6016,1
PSSA,3004,1
AMAZON,99001,1
AMAZON,3005,1
AMAS,4009,1
RACK,2014,1
RACKMNT,2002,1
95,2006,1
RAIL,6004,1
AB,1003,1
S,99001,1
SA,1003,1
SA,2006,1
DMF,4009,1
AAOTOKK,3004,1
SA,4009,1
SA,17005,1
DMPRO,4002,1
SAABB,3004,1
SAAS,3009,1
AA,99001,1
SAAS,3042,1
SAASDATACLASSIFICAT,3041,1
AA,3004,1
SADRINESPRX,2014,1
SADRINESPTX,2014,1
A,17009,1
A,17007,1
SAMG,3004,1
A,4002,1
A,3035,1
SB,3004,1
S,17005,1
S,17001,1
AB,3004,1
ELESB,1002,1
RUT,2006,1
RX,4009,1
ABS,2014,1
RXS,1016,1
RXZE,17001,1
ABS,2013,1
ABS,2006,1
ABLS,24001,1
ABLS,17001,1
ABLM,24001,1
ABLM,1011,1
S,6001,1
S,2003,1
S,2013,1
ELEL,1003,1
ELECARD,2013,1
ELEB,1003,1
ABBIGLIAMENTO,99,1
ABBB,1003,1
S,3046,1
S,4001,1
AB,4009,1
SB,4009,1
SBB,4002,1
SBB,4008,1
SD,24001,1
98,1003,1
97,99001,1
97,3004,1
SCSTOM,1002,1
96,3002,1
ELCM,1003,1
ELCE,1002,1
ELCDDA,1002,1
95,6004,1
SD,19001,1
SDA,2002,1
98,2005,1
SDAC,17001,1
95,4002,1
SDAV,24002,1
SDC,1003,1
SDC,4002,1
SDCE,3004,1
95,4001,1
SWCOREBNDLESSDADA,3014,1
ELCB,1003,1
SDCZ,3007,1
SCRIVANIASALARIUNION,99001,1
SCRITTA,99001,1
ELCTS,1002,1
99,1016,1
ELCTM,1002,1
SBP,17007,1
SBXE,6016,1
A,2001,1
SC,1002,1
A,1003,1
DMS,4001,1
99,17005,1
99,6028,1
ELCS,1003,1
SC,17009,1
SCHEDA,24001,1
SC,24001,1
ELCS,1002,1
98,4008,1
SCA,99010,1
SCAPCUDGREEN,1002,1
SCARPE,1003,1
SCASC,1002,1
98,2014,1
98,2006,1
SCD,24001,1
RTFS,24001,1
RT,2012,1
RSP,17005,1
RG,1002,1
ACTILUME,24002,1
RE,1003,1
RE,17005,1
REB,4009,1
REDAZIONALE,99001,1
REPERIBILITA,99004,1
RESISTENZA,1003,1
ACTELKIT,4,1
REVO,3004,1
RFLM,6009,1
RGS,1008,1
RCKMNT,2003,1
ELS,1002,1
ACSC,17001,1
RH,3038,1
ACS,3004,1
ELN,99001,1
RI,17005,1
RID,17009,1
RIF,2006,1
RIFIUTI,99001,1
RIGA,24002,1
ACX,24001,1
AD,1002,1
RINNOVO,3003,1
ADATTATORE,1002,1
ADCBASO,4007,1
RAK,2006,1
RAL,24002,1
RAMPA,17005,1
RASP,3004,1
RASPBERRI,3004,1
ADC,2015,1
ADB,2006,1
RBR,3005,1
EM,2003,1
RBRPS,3004,1
AD,1011,1
RBS,2006,1
RC,2014,1
DLLI,24001,1
ADAM,17005,1
ELSN,1002,1
RC,24002,1
DLPEIP,6016,1
RCD,99001,1
RCF,2,1
RCG,1006,1
RIL,17009,1
DLT,4009,1
RSP,2003,1
RQW,2013,1
ACCESS,2014,1
ROAD,1002,1
ROG,3004,1
RONDO,17009,1
ROS,4009,1
ELF,1003,1
RP,17009,1
ACC,1006,1
RPI,3004,1
RPS,2003,1
DMCTK,17005,1
ACCIOT,3004,1
RRT,3004,1
RS,2014,1
RS,3004,1
AC,2012,1
AC,1002,1
RS,24002,1
RSA,6004,1
RSB,24001,1
RSHLF,1008,1
RSM,99001,1
ACCESSORI,3004,1
ACCSA,17005,1
RINNOVO,3016,1
RK,4009,1
RINNOVO,3032,1
RINNOVO,3036,1
RINNOVO,6004,1
RINNOVO,6011,1
DM,4007,1
RJN,4002,1
RK,1016,1
ACQUA,99001,1
ACM,99001,1
RK,3004,1
RKA,3004,1
RO,1002,1
RLADAB,1002,1
ACF,17001,1
RLCS,1002,1
RM,2006,1
ELK,26001,1
ACCX,3004,1
RMC,4009,1
RMC,24001,1
RMK,2006,1
RMP,2006,1
SWCOREBNDLESASF,3014,1
SWDATAPRONLSASF,3014,1
SWCOREBNDLNLSASF,3014,1
SWDATAPRBDLNLSASF,3014,1
VVBRENTVSP,3032,1
VVBRPLSVSP,3032,1
VVBRSTDVSP,3032,1
VW,4009,1
VW,17001,1
VWAAS,2003,1
20,3005,1
20,1016,1
20,1003,1
DSTACK,3,1
VXC,4007,1
VXC,4009,1
VXL,4007,1
19,24001,1
19,6027,1
19,4007,1
VZN,24001,1
E,4009,1
W,2006,1
19,1002,1
W,2013,1
W,2014,1
W,3002,1
VVBO,3032,1
VVASENTVSP,3032,1
VV,17005,1
DST,17009,1
21,4002,1
VPL,3004,1
VPL,4009,1
21,3039,1
VR,3011,1
21,2014,1
21,2013,1
21,2006,1
VS,3004,1
21,1008,1
VSA,24001,1
VUZIX,2006,1
VSE,24001,1
VSP,1011,1
VSP,3011,1
20,24001,1
VST,24001,1
20,4007,1
VT,24001,1
VTM,2014,1
VTO,1016,1
20,4001,1
E,4002,1
W,3015,1
18,2006,1
WBEXTWAR,17,1
16,3005,1
WASSEMUPS,17001,1
WASSEMUPS,17007,1
16,3004,1
WATTICS,99001,1
16,2014,1
WAX,3004,1
16,1006,1
16,1003,1
WB,99001,1
16,17,1
WASSEMPDU,17007,1
WBEXTWAR,17007,1
WBG,6017,1
WBLP,4008,1
15,24003,1
15,24001,1
15,4007,1
WCONFIG,17001,1
WD,1002,1
DSX,1002,1
15,2002,1
WASSEMPDU,99004,1
16,3010,1
W,17009,1
WALI,24002,1
DSTACK,6001,1
WA,1002,1
WA,4009,1
WACFSURD,17001,1
17,99001,1
17,24001,1
WADVEAA,17008,1
WADVPLUS,17001,1
17,4007,1
WAL,24002,1
WALIM,24002,1
WASSEMNBA,17001,1
17,3032,1
17,3005,1
WAP,2001,1
WARRANTY,3005,1
17,2006,1
16,99001,1
16,24003,1
16,24001,1
WASSEMEXBAT,17007,1
16,4009,1
VPCSB,3004,1
DSR,3004,1
VPCF,3004,1
VEMVJ,1002,1
27,1003,1
VDIG,17001,1
VDODBH,2013,1
VDTE,1002,1
VE,1002,1
VE,2013,1
VE,2014,1
VELCRO,1002,1
VEM,24001,1
VEMCRD,1002,1
VEMVN,1002,1
VDDBH,2013,1
VEN,1011,1
VEN,2014,1
EB,6003,1
26,4007,1
VESSSTDVSP,3031,1
VEVP,1003,1
VF,1002,1
26,4001,1
VFDNSTDVSP,3032,1
VFDNSTDVSPB,3032,1
VDI,3011,1
VD,3004,1
26,3010,1
VBRENT,3031,1
VAR,99,1
29,2003,1
VARIE,99001,1
VARTAAAAABL,1002,1
28,3010,1
VARTAIND,1002,1
VARTAINDAA,1003,1
VARTAINDAAA,1002,1
VB,2014,1
VB,17001,1
28,3004,1
27,2006,1
28,2006,1
VC,4009,1
VCAM,99,1
28,1003,1
28,1002,1
VCM,24001,1
VCR,1002,1
27,24002,1
27,4008,1
VCT,2013,1
VFM,4007,1
VG,2002,1
VPCEH,3010,1
22,3005,1
23,17009,1
VIWV,1003,1
VLUSBEXT,24001,1
23,17005,1
23,4002,1
23,4001,1
EA,6003,1
VN,3004,1
22,17009,1
EA,6001,1
VO,6032,1
EA,6012,1
VO,6033,1
EA,3010,1
22,2014,1
DSR,2006,1
VP,1008,1
VP,3004,1
22,1006,1
VPCCA,3004,1
21,24001,1
VPCEH,3004,1
VIVE,99001,1
DSP,4009,1
VG,2003,1
DSP,2006,1
DSC,99001,1
26,1001,1
25,6002,1
25,4002,1
VGN,3004,1
VGP,3004,1
VGPAC,3004,1
VGPE,99001,1
VGS,17009,1
VH,3004,1
25,2006,1
24,4002,1
VI,3011,1
25,1003,1
VIA,6004,1
25,1002,1
24,99001,1
VIGILANZA,99001,1
VIMV,1003,1
24,4007,1
VISION,17009,1
VITL,3011,1
WD,4007,1
WDBAAA,3004,1
WDBAAR,3004,1
XPCOBT,2013,1
05,1003,1
XKKITAMICEW,4002,1
04,4009,1
XP,4009,1
XP,17001,1
XPAACL,2013,1
XPABL,1015,1
XPACC,3004,1
XPADL,1015,1
XPBD,24001,1
XPCODL,1015,1
XDL,2014,1
XPETBL,2013,1
XPETDL,2013,1
XPEXCL,2013,1
XPEXPLUSBL,2013,1
XPEXPLUSDL,2013,1
XPIMBL,2013,1
XPPPLUSBL,2013,1
XPPPLUSDL,1015,1
XPRRDL,2013,1
XPS,3004,1
05,3004,1
XD,2014,1
XPW,4002,1
07,2006,1
WTGC,1006,1
08,2006,1
08,1015,1
08,1006,1
08,1003,1
WUPGASSEM,17001,1
07,4009,1
WUPGONSITEFW,17001,1
07,4008,1
WW,4002,1
X,1008,1
XD,1002,1
06,4009,1
06,4008,1
DYM,1003,1
X,3002,1
06,1006,1
XA,2002,1
XBP,17007,1
XCSF,4009,1
XCU,3004,1
XCUC,3004,1
XPSWBL,2013,1
XPWCU,3004,1
DYMO,3004,1
00,4009,1
YX,24001,1
YXPCOBT,2013,1
YXPCODL,2013,1
YXPETBL,2013,1
YXPEXCL,2013,1
YXPEXPLUSDL,2013,1
YXPPCL,2013,1
YXPPPLUSDL,2013,1
YZ,4009,1
Z,2006,1
Z,3004,1
01,1,1
ZAINO,99001,1
ZC,1006,1
DX,1002,1
ZD,3004,1
ZHB,4009,1
ZHQ,3004,1
ZN,4002,1
ZRS,24002,1
ZZ,1002,1
00,2013,1
YVC,4009,1
02,1016,1
XQSFP,3014,1
02,4009,1
XR,2003,1
XR,4002,1
XR,24001,1
XSA,17005,1
XSD,4009,1
DUK,4002,1
03,3004,1
XTMS,3004,1
XURS,3004,1
XVCDP,3004,1
02,4003,1
DURMN,1002,1
XX,6012,1
XZCP,17001,1
DURDL,1003,1
Y,3004,1
Y,4002,1
Y,6012,1
02,3004,1
YAMAHA,4009,1
YE,1002,1
YM,3004,1
WT,24002,1
DTX,3004,1
WDBMWV,3004,1
13,4002,1
WGSPL,1008,1
14,4,1
13,24001,1
WGWMTB,1008,1
13,6004,1
WHA,99001,1
DSX,1003,1
WHE,1003,1
13,4008,1
13,4007,1
WICD,1006,1
WGS,3004,1
E,2017,1
WIM,1003,1
WINSTL,17001,1
DSX,3014,1
12,99001,1
WLW,2006,1
WM,3004,1
WM,4008,1
12,24001,1
12,17005,1
WGSC,99004,1
WGS,2006,1
WMEBR,1006,1
WEID,1003,1
15,1008,1
WDE,2006,1
WDIM,24002,1
WDLP,6016,1
WDS,3004,1
WE,1002,1
WEB,2006,1
WEBC,1003,1
14,4007,1
WEI,1002,1
WEXTWAR,17,1
WGR,1008,1
E,3010,1
WEXTWAR,24001,1
E,3005,1
WEXWAR,17007,1
WF,6003,1
14,3005,1
14,2014,1
WGBTMWFBL,1008,1
WGINTBRC,1008,1
WGINTSPLBL,1008,1
12,4002,1
12,3005,1
WSUHFTAG,3004,1
WSGARD,6009,1
WS,3004,1
10,99001,1
WSA,2002,1
10,24001,1
WSD,3019,1
WSDAMDMB,3011,1
WSDAWOSB,3011,1
WSDAWOSB,3019,1
10,17001,1
10,4007,1
WSGRD,6016,1
11,1008,1
10,3032,1
DTE,1003,1
10,2013,1
10,1006,1
WSPMV,17001,1
WSPMV,17007,1
10,1003,1
DTX,1003,1
DYS,1003,1
WSTRTUP,99004,1
WS,2006,1
WS,2001,1
WMPF,1008,1
WOPS,99004,1
WMPFSE,1008,1
12,1003,1
WMSW,17005,1
WMTA,17005,1
DT,4009,1
WOE,17005,1
DT,24001,1
11,4007,1
WOE,24001,1
11,3002,1
WP,1002,1
WS,1006,1
11,2014,1
WP,6017,1
11,2006,1
WPMV,17001,1
WPMV,17007,1
WPMV,17008,1
WPMV,99004,1
WPSECE,6017,1
WPU,4001,1
WRT,3004,1
VAIOREWY,3004,1
VADVVUL,3032,1
V,24001,1
50,24001,1
TCDM,24001,1
TCP,2013,1
TCS,4008,1
TD,2014,1
51,24002,1
TE,2001,1
EDU,3046,1
TE,2006,1
EDS,2014,1
51,3010,1
50,4002,1
TCB,4002,1
TEC,4009,1
TEG,1002,1
TEJ,3004,1
TEKA,99001,1
TEKAGESTIONE,99001,1
TEKNB,1002,1
TEKSB,1002,1
TELEF,1002,1
EDILE,99004,1
TERMOMETRO,99001,1
TCC,24001,1
TC,24002,1
TESIRAAMP,4009,1
53,24001,1
TAPMSTBASELNV,4009,1
TAPRALMSTLNV,4009,1
TAPRAPMSTLNV,4009,1
TASSA,99001,1
TASSARIFIUTI,99001,1
TASSE,99010,1
TASSELLO,4007,1
TAST,3004,1
54,1003,1
54,1001,1
EE,1006,1
TC,24001,1
TAVOLO,99001,1
TAZZA,99,1
DPU,3004,1
TB,1011,1
53,2014,1
52,99008,1
52,4009,1
TC,4002,1
52,1003,1
TC,17001,1
EDILE,99001,1
TESIRACONNECTTC,4009,1
TANNVLSPT,4009,1
TKS,99001,1
48,1003,1
TIEYFM,6018,1
TIMELAPSE,99,1
TINTEGGIATURA,99001,1
TIO,4007,1
TIO,4009,1
TIPOGRAFIA,99,1
TIS,1002,1
47,24001,1
TITANIUM,99004,1
47,17001,1
48,2006,1
47,4002,1
TL,4005,1
TLAV,3004,1
ED,3014,1
46,4009,1
46,3010,1
TM,2012,1
ED,1003,1
ECWE,1006,1
ECWA,1006,1
TIC,1002,1
TI,6004,1
TESIRAFORTE,4009,1
TFGLMG,1002,1
TEXACA,1002,1
TEXALD,1002,1
50,1015,1
49,99001,1
49,17009,1
TF,4009,1
EDGE,2003,1
TFDMTP,24001,1
49,4001,1
48,99001,1
48,4002,1
48,3005,1
TFSECTRKF,6004,1
TFSECTRKFWCLSSTDSUPP,6004,1
TFSECTRKRTRSWITCHBAS,6004,1
48,3010,1
TFT,1002,1
TFTPIA,24001,1
TFWTP,24001,1
TG,6001,1
THOM,4009,1
THREAT,6004,1
TANNVSX,4009,1
TANNVLSPB,4009,1
43,2005,1
SX,1011,1
SWSECURITYCOMPLBUNDL,3014,1
SWSMIRRORCLDONTAPONE,3014,1
SWSSPCLOUDVOLM,3014,1
61,2006,1
SWSTORAGEGRIDSUBSCRE,3014,1
SWSUBSCLDDATSENSEXT,3022,1
SWSUBSCLDTIERINGRNW,3022,1
SWSUBSOTSCPM,3022,1
SWSUBSOTSCPS,3022,1
SWV,4002,1
SX,2002,1
SWSECURITYCOMPLBDL,3014,1
61,1001,1
60,3035,1
60,2013,1
59,3010,1
EE,24001,1
SXWADUSBC,1011,1
SXWADUSBC,24001,1
SXWAO,24001,1
SXWAOV,24001,1
SXWASLXXX,24001,1
SWSECURITYCOMPLBDLC,3014,1
SWPREMIUMNLSAS,3014,1
SXWASPSBX,24001,1
SWENCRYPTBDL,3014,1
SWDATAPROBDLSASF,3014,1
SWDATAPROBDLSSDA,3014,1
POWER,24001,1
SWDATAPRONVMEA,3014,1
SWDATAPROSASF,3014,1
SWDATAPROSSDA,3014,1
62,4009,1
SWDCE,17005,1
SWDCEVMACT,17001,1
SWDCO,17001,1
62,4002,1
SWPCNS,17005,1
SWNMC,17005,1
SWONTAPBNLSASF,3014,1
SWONTAPOCFADC,3014,1
62,3004,1
SWONTAPONECOMPATUPGB,3014,1
SWONTAPONLSASADF,3014,1
SWONTAPONLSASF,3014,1
SWONTAPONVMEADA,3014,1
SWONTAPOSSDADF,3014,1
61,3004,1
SXWASPSBX,1011,1
58,3010,1
54,3002,1
56,4009,1
SXWTBASW,17001,1
SXWTBASW,24001,1
SXWTBIOW,17001,1
SXWTBIOW,24001,1
SXWTBPSW,17001,1
EE,2006,1
SXWUI,17001,1
57,2013,1
SY,17001,1
57,2006,1
56,3004,1
SXWSWXBU,24001,1
T,1015,1
56,2014,1
T,4004,1
T,4009,1
55,3004,1
55,1006,1
TA,3004,1
TA,17001,1
TAB,3004,1
TADM,24001,1
SXWSWXUP,24001,1
SXWSWXBU,1011,1
SXWAUTSVR,24001,1
SXWSCABLE,1011,1
SXWDI,1011,1
SXWDOA,1011,1
SXWDOA,24001,1
SXWDOC,24001,1
SXWKITLON,24001,1
SXWMPC,24001,1
SXWPS,17001,1
DPDU,3004,1
SXWRCF,24001,1
SXWSBTXXXSXX,17001,1
SXWSCBXSELXX,17001,1
SXWSWX,1011,1
SXWSWASES,24,1
SXWSWASES,24001,1
SXWSWCLIENT,17001,1
SXWSWESDBTS,17001,1
SXWSWESXX,17001,1
58,2014,1
SXWSWGWSX,17001,1
58,1003,1
SXWSWNDES,24001,1
SXWSWSCDL,17001,1
44,1003,1
42,99001,1
EB,6012,1
UMBOCV,3004,1
UJLBU,1008,1
UJXMXMXCD,1001,1
36,4001,1
UK,3004,1
UK,3005,1
UL,2014,1
UL,3004,1
UL,24001,1
ECM,4009,1
36,1003,1
UMBRELLA,6001,1
UJ,99001,1
UMC,4009,1
UMO,17005,1
UND,4009,1
35,17001,1
ECM,2014,1
34,17001,1
34,4009,1
ECM,1006,1
UNO,2015,1
UP,17005,1
UJGMXMXCD,1001,1
UICMPPT,1008,1
33,24001,1
UDS,24001,1
37,4007,1
37,4002,1
37,4001,1
DS,17009,1
37,2014,1
UCSX,3030,1
UCSX,6001,1
UCSXNVME,3009,1
UDC,2006,1
37,2006,1
UE,3004,1
UICMPP,1008,1
UE,4002,1
ECMR,1002,1
ECMC,1006,1
UFGLULU,1001,1
UFPRO,3004,1
UG,2006,1
UGA,1002,1
UGA,1003,1
UH,3004,1
UI,24001,1
UPDATE,4004,1
UPG,4001,1
UCS,4005,1
DSAVIQ,17005,1
30,24001,1
UTT,17005,1
UV,3004,1
30,17005,1
UXPAACL,2013,1
UXPPPLUSBL,2013,1
UXPPPLUSDL,2013,1
UZPLWH,1008,1
V,3,1
30,6004,1
V,2013,1
31,3010,1
EC,1002,1
EBRIDGE,2013,1
30,2013,1
V,3011,1
30,2006,1
30,1008,1
V,4002,1
V,4008,1
EBQ,2006,1
29,3010,1
31,1006,1
UTKCS,17009,1
33,17001,1
32,17005,1
UPG,17001,1
UPLBU,1008,1
UPS,2005,1
URGENZA,1003,1
US,2006,1
US,4009,1
USA,1003,1
33,2014,1
DSA,2014,1
32,24001,1
USB,4007,1
ECFP,1006,1
32,4005,1
USBC,3004,1
USBEXTAA,1002,1
USBINT,17009,1
USBPENDRIVESW,3004,1
USE,2003,1
32,4001,1
32,3035,1
31,24001,1
UTCCA,1002,1
UCS,6001,1
UCS,4004,1
TMB,3002,1
TSK,1002,1
TRN,2001,1
TRN,2002,1
TRN,3005,1
TRO,1003,1
TRR,1002,1
TRX,2006,1
42,1003,1
ECSF,1006,1
TSER,4009,1
TSI,99001,1
TSS,4,1
42,2006,1
TSS,4007,1
41,17005,1
TST,4008,1
41,4007,1
41,4004,1
40,99001,1
TSW,4007,1
40,24002,1
TSW,24003,1
TT,4009,1
TRATTAMENTO,99001,1
TRASP,99010,1
TTA,24001,1
TOUCHDESIGNER,3005,1
TO,3005,1
TOA,24001,1
TOAC,24001,1
DRIVE,3009,1
TOM,2006,1
TOP,3004,1
TORNELLO,2014,1
TOTEM,2014,1
TOTEM,4009,1
TOTEMSORBER,4009,1
TP,1002,1
TRASFERTA,1002,1
42,4008,1
TP,2006,1
42,2014,1
TPCCIF,24001,1
TPCCOM,17001,1
TPCDIO,17001,1
TPMC,4008,1
TRA,17005,1
TRA,99010,1
TRADUZIONI,99001,1
TTA,2006,1
TTK,4008,1
UCS,3030,1
UC,4008,1
39,1002,1
38,17005,1
U,4007,1
38,4001,1
ECOR,1006,1
UA,17009,1
UC,3004,1
UC,3009,1
UC,3035,1
38,3005,1
UC,4009,1
U,2005,1
UC,17005,1
UC,24001,1
UCA,4009,1
ECO,17009,1
UCL,4004,1
UCP,3035,1
UCS,2001,1
38,2006,1
UCS,3004,1
38,1003,1
ECRM,1002,1
39,17005,1
40,4002,1
TXCMMFG,1002,1
TUBI,1003,1
40,3010,1
TVDP,4007,1
ECRR,4004,1
TVSH,3004,1
TXAAAFTO,1002,1
TXARFR,1003,1
TXARG,1003,1
TXARM,1003,1
TXC,1003,1
TXCOLFS,1002,1
U,1001,1
40,2006,1
TXD,1003,1
TXPPBL,2013,1
TXPPCL,2013,1
TXSTD,1003,1
TY,1001,1
TY,1002,1
TZ,4009,1
TZW,4009,1
U,4,1
DIXNDR,1002,1
POLIT,3004,1
AP,1006,1
J,3002,1
CMDSLCZBU,1008,1
INRTG,1002,1
CMDSAQLCZBL,1008,1
CMDSAQLCBL,1008,1
CMCDLX,1002,1
INSTALL,4009,1
CMBIW,1008,1
INT,1002,1
INTC,1003,1
INTEGRAZIONE,3004,1
INTENSITY,3004,1
INTERVENTI,99001,1
EZ,1003,1
IOSXE,2006,1
IOT,2002,1
EYV,4005,1
IOT,25002,1
IP,2014,1
IP,3035,1
IPB,4002,1
IPBL,2006,1
IPBL,4002,1
CM,2014,1
INRST,1002,1
INRAV,1002,1
CME,4001,1
INEPO,3004,1
DE,6012,1
IMTA,17001,1
IMTABB,1003,1
IMZ,2013,1
CMS,4004,1
IND,6025,1
CMRQ,4009,1
INDIC,17009,1
INDICATOR,17009,1
INE,1003,1
INFERMERIA,99001,1
INP,24001,1
CMPHHF,1008,1
INFISSI,99001,1
CMPHF,1008,1
INFMP,1003,1
INGRI,1002,1
CMP,1003,1
CML,3004,1
F,1001,1
CMHOOK,1002,1
INO,4009,1
EYV,3004,1
IPC,2014,1
CLOUD,3022,1
ITT,4002,1
CISCO,2016,1
ISR,4005,1
CIRA,4007,1
CINECAMPOCHDMFT,4009,1
ISW,2006,1
IT,1002,1
IT,4009,1
ITCVC,1002,1
ITN,3004,1
DEHN,1002,1
EXCS,4007,1
ISO,17009,1
CI,4009,1
IW,2015,1
IWALL,4009,1
DELL,4009,1
IWP,1002,1
CHXTM,4009,1
CHXSM,4009,1
IZEC,3004,1
DER,1002,1
CHRMT,4009,1
CISCO,6001,1
ISM,4001,1
IPMB,2015,1
IRM,2015,1
IQ,3004,1
CLOUD,3014,1
IQ,4005,1
EYN,1002,1
CLLO,4009,1
CLL,1003,1
IR,3004,1
IRA,1002,1
IRA,1006,1
CLK,2002,1
IRP,4008,1
ISM,3009,1
IS,1001,1
CL,3004,1
IS,4007,1
DECO,3004,1
ISAF,17001,1
CL,1002,1
CK,4009,1
DEFAULT,2015,1
CJH,1008,1
CJ,3004,1
IMPRO,4001,1
IMPOSTA,99,1
CMSBUSCZBU,1008,1
IBOOMEGA,1002,1
COMPUTE,3009,1
IADAP,4009,1
IAP,6017,1
IB,3004,1
COMMIS,4009,1
COMMENT,3004,1
IBOAIM,1003,1
IBOAPM,1003,1
IBOLM,1003,1
IBOLSBN,1002,1
IBOOMEGA,1003,1
I,3010,1
IBOT,1002,1
IBOTA,1003,1
IBOTFN,1003,1
IBOTMC,1002,1
IBOTMC,1003,1
IBOX,24001,1
IBQOMEGA,1002,1
IC,1003,1
IC,3014,1
IC,3022,1
I,4002,1
I,3004,1
IC,99004,1
HXDP,4016,1
HX,2006,1
CONSULENZAFACILITY,99001,1
CONSULENZA,99009,1
CONSULENZA,99001,1
HX,4002,1
CONPB,1002,1
HXD,3004,1
HXDP,3009,1
CONNETTORE,2006,1
HXDP,4015,1
HXDPE,3030,1
I,2013,1
HXDPS,3009,1
CONNETIVITA,99001,1
HXGS,2006,1
CONN,1002,1
HYB,3041,1
HZ,3011,1
HZ,3019,1
CONCVN,1002,1
F,1016,1
COMX,24001,1
IC,24001,1
ICARE,3004,1
IMM,3009,1
ILPM,4001,1
ILCHO,1002,1
ILCNEF,1002,1
ILCNEM,1002,1
ILLUMINAZIONE,99001,1
ILM,99001,1
COF,1003,1
ILMIPEW,1003,1
ILMPE,1002,1
ILMPEW,1002,1
CODICI,99001,1
F,1006,1
ILAPV,1002,1
CO,6002,1
CO,4009,1
CO,3005,1
CNDL,3009,1
IMBALLI,99001,1
00,1003,1
CMSX,3004,1
IMCARELT,4004,1
CMSO,4002,1
IMIX,4009,1
COGGM,1003,1
ILAPF,1002,1
ICCVDE,1002,1
COLLAUDO,99011,1
COMMALC,4009,1
COM,3004,1
ICRCAM,1006,1
ICUSB,1002,1
ICUSB,3004,1
ICUSBROLLOVR,1002,1
DE,1002,1
IDATA,1002,1
IDATA,4009,1
COLONNA,99001,1
IDEV,17001,1
IH,6012,1
IDEV,24002,1
COL,99001,1
IE,2001,1
COHESITY,3009,1
COGGMPRJC,1003,1
COGGMMJ,1003,1
IEM,2015,1
IFIXITMANTAKITEU,3004,1
COGGMMJ,1002,1
COGGMBBR,1002,1
J,2006,1
J,3004,1
POSTIAUTOAGGIUNTIVI,99001,1
J,4009,1
CERTEGO,20006,1
LC,4009,1
LCA,24001,1
LCALC,1002,1
LCAPCLCAPC,1002,1
LCAPCUDGREEN,1002,1
LCASC,1002,1
CERTEGO,20001,1
CERF,1002,1
LCP,1015,1
LCQT,2015,1
CEPKD,1003,1
CEPKC,1003,1
CENA,99,1
CEMZKE,1003,1
LCT,1015,1
LCT,2013,1
LCT,2014,1
LDTTAPPP,1002,1
LDVQTPOPT,1002,1
CEMND,1003,1
CEMHN,1003,1
CEMB,1003,1
LC,1003,1
LC,1002,1
CERTEGO,20007,1
DEVO,3005,1
CFLATSADRIN,2014,1
L,3004,1
CFI,1002,1
CFAPPMBL,1008,1
CFAAD,1001,1
CF,1002,1
DETANM,1002,1
L,4015,1
CEXSPUCZXSPAZZ,17001,1
L,6025,1
CES,1002,1
CERTEGO,20009,1
CERTT,99001,1
LAKELM,4009,1
LANA,1002,1
LANSSCON,6004,1
LANSSMC,6004,1
LANSSVU,6004,1
LAT,4002,1
EWCSC,3004,1
LB,2014,1
LBB,1002,1
LED,2014,1
EW,4007,1
EW,4002,1
CBXCSF,1003,1
CCGL,1002,1
LH,4,1
CCD,99001,1
CCC,1002,1
CC,6012,1
CC,3004,1
LIBATTSMGEIEC,17001,1
LIBATTSMGGIEC,17001,1
LIBRI,99001,1
CBXF,1008,1
EVP,17001,1
LG,3004,1
CBTAL,1008,1
CBTA,1008,1
CBT,1003,1
LIC,2013,1
EVNSL,1002,1
CBS,2001,1
CBRXCSD,1002,1
LIC,3009,1
CBRTO,1002,1
EVNPDTIOTISS,2006,1
CCGP,1002,1
LG,1003,1
CE,1002,1
LEGAZ,1002,1
LEEXSBTLL,1002,1
LEFPS,1002,1
CDS,4002,1
CDPP,1008,1
LEG,1006,1
CDH,1003,1
CDAYFM,6018,1
CD,4008,1
CD,3004,1
LEGAY,1002,1
CCX,2006,1
LF,24001,1
DF,1002,1
CCSFRHB,1002,1
CCSFRAF,1003,1
CCSFRAF,1002,1
EW,1002,1
LEGTRS,1002,1
LEGX,1002,1
LETTORE,3004,1
CCSD,4007,1
LF,4009,1
CFP,1008,1
CFP,2013,1
CFS,17005,1
KCN,3004,1
CHMF,4009,1
KADBRK,24001,1
KADCB,24001,1
KAMODR,17001,1
KAOPTC,17001,1
KAS,3004,1
KASEND,24001,1
KC,3004,1
KCKG,17009,1
KCM,17009,1
CHMCM,3004,1
KAC,2006,1
CHLTM,4009,1
CHLSM,4009,1
CHLPAUB,4009,1
CHG,4007,1
CHG,3004,1
KDK,24001,1
KDL,4008,1
KEF,24001,1
KFJ,2006,1
KFJ,3004,1
KAC,2012,1
KA,4009,1
KGG,6004,1
CHPF,4009,1
JC,1003,1
JC,2005,1
CHRMT,4007,1
DES,24001,1
JD,3004,1
CHRLT,4009,1
JF,2005,1
JG,2005,1
CHRLF,4009,1
CHRFCUB,4007,1
CHMSA,4009,1
K,4009,1
CHMPAUB,4009,1
JQ,2013,1
JS,1002,1
JS,3004,1
JT,3004,1
JUD,3004,1
JWD,3004,1
JZ,1003,1
CHMFAUS,4009,1
K,4002,1
KFY,3004,1
KGZ,3004,1
L,1002,1
KV,3002,1
KT,3004,1
CH,4009,1
CH,1002,1
CGR,2002,1
CGNIS,15007,1
EXAZM,2014,1
CGM,2001,1
KU,3004,1
CGEIB,4009,1
KUBO,4009,1
KV,3015,1
CHAMP,4009,1
KV,4009,1
CGDMX,4008,1
KVM,24001,1
CG,4009,1
KVR,4002,1
KW,3002,1
KW,3004,1
CG,1002,1
L,2,1
L,3,1
KT,1002,1
KSB,24001,1
KINDLE,3004,1
CHFCAXV,4009,1
KIO,2006,1
KIOSK,4009,1
KIRK,4002,1
KIT,4009,1
KIT,17005,1
KIT,17009,1
CHFSR,3004,1
KITLT,17009,1
KIWI,3005,1
KK,3004,1
KKSMB,2014,1
CHCMA,4009,1
KKTS,2014,1
CHFCA,4002,1
KLK,3004,1
KMS,2014,1
CHCPA,3004,1
CHCMS,3004,1
KNB,24001,1
KR,2005,1
KRP,24001,1
KS,1003,1
HWPYTC,17005,1
HWPYTC,2014,1
CONTA,1002,1
CONTATTO,17009,1
CSP,4009,1
FS,2014,1
FS,6001,1
CSP,4008,1
CSNONRETURNABLEDRIVE,3014,1
CSG,3022,1
CSF,3004,1
CSDL,17005,1
CSCX,17009,1
FSC,1008,1
FSCC,1003,1
FSM,99001,1
CSCNPISH,1003,1
FSP,3005,1
FSWB,1008,1
FAM,1003,1
CSB,1003,1
FTDV,6001,1
CSB,1002,1
FTLX,2005,1
FTLX,3035,1
CSADDONCOMPONENTSSES,3014,1
CSA,24001,1
FS,1003,1
FAMC,1008,1
CSUNPI,1003,1
FOSMF,1008,1
FON,1003,1
FOR,6013,1
CTMMMMM,6003,1
CTL,3004,1
FORFC,6013,1
CTI,20008,1
CTI,20006,1
FORFWF,6007,1
FORMAZIONETECGEN,99001,1
CTCFM,1003,1
FP,1008,1
CSWARRANTYEXTENSIO,3022,1
CT,17009,1
FAN,2002,1
FPCL,1008,1
FPCWLCUC,1001,1
FPCXLCUC,1001,1
FPR,2,1
CT,3004,1
FPS,1008,1
CSWARRANTYEXTENSIOR,3022,1
FRANGISOLE,99001,1
FTXM,99001,1
FUFG,17005,1
FUSIBILI,1003,1
CPTSPROCONDAILY,6002,1
CR,3004,1
FACCHINAGGIO,99004,1
CQBL,24002,1
CQA,24002,1
CQ,3004,1
G,4009,1
CQ,1003,1
G,24001,1
FACC,1008,1
GARTNER,99001,1
GB,1002,1
FACCX,1008,1
GB,1008,1
CPSMEVENTSPREMIUMRET,6011,1
GCAC,2006,1
CPSGVSECVENBUNNGTXRE,6002,1
GCAUD,4009,1
FACC,1002,1
GCUST,17001,1
GDS,99004,1
GE,2014,1
CPSGVSECVENBUNNGTPRE,6002,1
FZTYL,1008,1
FZB,1008,1
FV,3004,1
FWME,1008,1
FW,1002,1
DBLQAS,3004,1
FW,2002,1
FW,2003,1
FW,3005,1
CS,15007,1
FWB,6007,1
FWD,4008,1
CS,6003,1
CS,3009,1
FALCS,1002,1
CRBT,3004,1
FX,1008,1
FX,3004,1
CROS,3004,1
FXTYL,1008,1
FAL,1002,1
CRO,3004,1
FYWTL,1008,1
CRF,17009,1
FYZUB,1008,1
DBLQAT,3004,1
CTOO,6012,1
FOLIXPRO,3004,1
FO,1003,1
CWM,4009,1
FEE,3003,1
FENGDA,2015,1
FAPEB,1008,1
FAPB,1008,1
FER,6007,1
CX,99006,1
CX,4009,1
CX,3004,1
FFWLALA,1001,1
CWMPV,1008,1
DATASPY,3004,1
FDP,6007,1
CVTAGLIOCAVO,1002,1
DB,2006,1
CVPPB,1008,1
FG,1016,1
CVPN,6001,1
FANT,6009,1
DB,3004,1
FH,1002,1
FAN,6007,1
FHCXO,1008,1
FDX,17009,1
FDLPSIP,6009,1
FHD,3004,1
FC,1006,1
FAWLCUC,1001,1
FAWLCUC,1002,1
FAWSCUC,1001,1
DAT,4002,1
FAXSCUC,1001,1
DANTE,3005,1
FBWLCUC,1001,1
FBWSCUC,1001,1
FBXLCUC,1001,1
FBXSCUC,1001,1
DACM,24002,1
D,3015,1
FC,6002,1
DA,4007,1
DA,1002,1
D,99001,1
FC,6018,1
FCC,6007,1
FCE,1008,1
FCLF,2006,1
D,24001,1
D,4009,1
CVDB,4009,1
FHP,4009,1
CTS,4,1
FLUKE,3004,1
FL,4004,1
FLAT,24002,1
CUD,4001,1
CUD,1008,1
FLOORSIGHT,3004,1
FLSA,2001,1
CUCMSS,1008,1
FLSASR,2003,1
CUCINA,99001,1
FLUKE,2006,1
CUBE,4004,1
FAN,2003,1
CUBE,2002,1
FME,3004,1
CTSMX,4008,1
FMM,4002,1
FMN,4002,1
FMP,1008,1
CTS,4001,1
FMTPFCT,1008,1
FMUSEMEAAC,6007,1
CTS,2006,1
FL,4001,1
CUFBPR,1008,1
FHS,1008,1
CV,24001,1
CVCPR,24001,1
FI,1002,1
FI,4009,1
FIA,17009,1
CVCAVO,17009,1
FIDOKA,99001,1
FIL,1002,1
FIL,1003,1
FILTRO,1002,1
CVBKRCOIUNCAP,3032,1
FIRENEX,3004,1
CUFFIA,3004,1
CV,1003,1
FAN,3004,1
FISC,1003,1
FISTKLLM,1002,1
CUSTODIA,3004,1
FJY,3004,1
FK,1002,1
FK,1003,1
FKFLUKE,1003,1
CUFMB,1008,1
GEKEY,2014,1
GELATI,99,1
GEN,99001,1
CPCGCAPCOMP,6027,1
CPCGWAFERTPAPPADD,6002,1
F,4007,1
HDADFM,4009,1
HDADMM,4009,1
HDD,3004,1
HDM,3004,1
HDMI,4007,1
CPCGCAPCOMP,6028,1
HDMIDVIMM,4002,1
HDMM,4007,1
DCNM,2002,1
HD,1002,1
HDTB,3004,1
HDV,2013,1
DCT,2014,1
HDWC,3004,1
CPCESCOSTANDARDONSIT,6011,1
CPCESCOSTANDARD,6011,1
CPCESCOPREMIUMONSITE,6002,1
HE,4009,1
CPCESCOPREMIUMONS,6002,1
HELP,3005,1
CPCGWAFERTPAPPADD,6027,1
CPCGWEB,6027,1
HETHLNK,2014,1
HAGMJN,1002,1
CPHARECADVEMAILAPPS,6002,1
CPHARECADVEMAIL,6002,1
CPHAREADVEMAILT,6011,1
H,4007,1
F,99004,1
CPESSSPREMIUMPRO,6002,1
HA,1002,1
DC,2006,1
F,6004,1
CPEPSBACOMPLETEREN,6011,1
HAI,24001,1
HC,4009,1
HAIRC,2014,1
HAS,3004,1
DCN,2002,1
CPCS,6002,1
HB,4002,1
HB,4009,1
HBCS,2014,1
CPCGWEBDDOS,6027,1
HC,2013,1
HC,3004,1
HEN,1003,1
HETHM,2014,1
CPHARECADVEMAILAPPSR,6011,1
HS,4009,1
CPAC,6001,1
HPRG,1003,1
HR,2005,1
HR,4002,1
F,3002,1
HS,2006,1
DDBC,24002,1
CP,4002,1
DDNP,24002,1
HS,4002,1
DDOS,2012,1
HOV,2014,1
HSCC,1002,1
HT,1003,1
COTERM,6013,1
HU,2014,1
COS,3004,1
CORSO,99001,1
HUA,2006,1
CORSI,3003,1
COP,1002,1
CONVCMIC,4009,1
CPACPSUAC,6002,1
HOOTSUITE,99001,1
F,3005,1
HL,2006,1
DCT,24001,1
HFP,4002,1
HGST,3004,1
HHEADMUS,4009,1
CPAF,1008,1
CPACTR,6002,1
HL,1002,1
HL,1008,1
HL,2002,1
HL,2005,1
HL,3004,1
HON,2014,1
HLPE,3035,1
HLS,1008,1
HLSPS,17009,1
HM,2013,1
HMCL,2013,1
HMCP,2013,1
HNLW,1008,1
HNMDEMO,2013,1
HNU,3004,1
HOM,3004,1
CPHARECADVEMAILAPPS,6011,1
CPHARECADVEMAILREN,6002,1
GEN,99010,1
CPSASEPACOMPT,6011,1
GM,1002,1
GM,4009,1
GMDM,2006,1
GMP,1002,1
CPSGVSECAWSBUNNGTPRE,6002,1
GN,3004,1
GNA,17009,1
GO,2006,1
GOC,1002,1
CPSB,6004,1
GONS,3005,1
DBX,3004,1
CPSASEIAODPRET,6002,1
CPSASEGWY,6002,1
GOSIGNPRO,21010,1
GP,3004,1
GP,6003,1
GPI,6007,1
GREEN,2003,1
GRIGLIA,17,1
GS,3004,1
CPRO,4009,1
GLD,99001,1
GLD,99,1
GSMESSENGER,17007,1
GGP,99001,1
CPSGVSECVENBUNNGTPR,6011,1
GENEG,4009,1
CPSGVSECAZUREBUNNGTX,6002,1
GENERIC,6004,1
CPSGVSECAZUREBUNNGTP,6002,1
DBS,4001,1
GEWGW,1002,1
CPSGVSECAZUREBUNNG,6002,1
GGCAT,1003,1
GGCOF,1002,1
GGPLUGC,1002,1
GLCTEST,2002,1
GGRACCCP,1002,1
GH,3004,1
GIGENN,2006,1
GJD,2006,1
GJKNX,3004,1
CPSGVSECAZUREBUN,6002,1
GK,4002,1
GKG,3004,1
GL,3035,1
CPSGVSECAWSBUNNGTXRE,6002,1
GS,24002,1
GSO,99003,1
CPHARECADVEMAILREN,6011,1
CPHARECPHISHAWARESST,6002,1
CPHAREPDATAREN,6002,1
CPHAREPCOMPLETEREN,6011,1
CPHAREPCOMPLETEREN,6002,1
CPHAREPCOMPLETEBUN,6011,1
CPHAREPCOMPLETE,6002,1
CPHAREPADVANCEDREN,6011,1
GW,24001,1
GWA,24001,1
CPHAREPADVANCEDREN,6002,1
CPHAREPADVANCED,6002,1
CPHARECOMPEMAILT,6002,1
GVSUPS,17,1
CPHARECCOMPEMAILT,6002,1
GWGWJ,1002,1
CPHARECCOMPEMAILREN,6011,1
GWP,3004,1
GWS,1002,1
GX,3004,1
CPHARECCOMPEMAIL,6002,1
GYD,3002,1
H,2,1
CPHARECADVEMAILRENT,6011,1
GVSUPS,1011,1
CPHAREPROTECTEMAILT,6002,1
GST,2006,1
GUSNE,1002,1
GST,99004,1
CPPLA,1008,1
CPPL,1008,1
FAA,24001,1
GTV,4009,1
GUCNB,1002,1
GURND,1002,1
GURNE,1002,1
CPMTPDVCBUN,6011,1
GUSNBE,1002,1
CPMP,6002,1
GVSCBC,24001,1
GVLMBCA,17001,1
CPINFINITYPLAYBLOCKS,6002,1
GVMPB,17001,1
GVPG,1002,1
GVPM,17001,1
GVS,17001,1
GVSBBK,17001,1
CPHARMOBILEDVCREN,6011,1
CPHARMOBILEDVCREN,6002,1
CPHARMOBILEDVCBUNR,6011,1
EVN,2006,1
LIC,6007,1
LIC,20006,1
BOB,1003,1
BATTISCOPA,17005,1
NVME,3014,1
NVR,2013,1
NW,3002,1
BATTERIE,17001,1
BATTERIE,2006,1
NWSTACK,2,1
BATTERIA,2006,1
ES,4009,1
NWSTACK,6001,1
BASE,4007,1
NX,3035,1
NX,3046,1
BASE,1003,1
NXA,2001,1
BARRA,24001,1
NXA,4008,1
NXD,4008,1
BAPK,24002,1
NXLDFAMGTLSSRCR,3019,1
BAET,3004,1
NXOS,2001,1
BA,99012,1
NV,2006,1
NUZ,1008,1
ES,99001,1
BDR,3004,1
BEAM,4009,1
BE,4008,1
DIFG,17009,1
NSYSDR,24001,1
NSYSNLPLA,17001,1
BE,1002,1
NSYSQCR,24001,1
NSYSUCR,17001,1
NSYSUCR,24001,1
NSYTLG,24001,1
DIGITAL,2001,1
NUL,1008,1
NTFINDICATOR,1002,1
NTFM,1002,1
BD,3004,1
NTOPNG,3005,1
BCX,17001,1
NTP,3014,1
BC,4009,1
DIKE,99001,1
NTR,99001,1
ESB,4009,1
NXUSBCC,4009,1
BA,3004,1
NZA,4009,1
AVVIO,99002,1
ONE,6009,1
AWO,2014,1
ONERI,99004,1
ONESIGN,2014,1
AWE,3004,1
ONTRACK,3031,1
OP,24001,1
OPENMAINT,99005,1
OPTIONAL,17005,1
OPTOUT,2006,1
OPTOUT,3030,1
OM,24001,1
OR,1002,1
ORDERING,2003,1
DIP,24001,1
AVE,1003,1
AVDA,4009,1
DIR,2014,1
OSDALIPCU,2014,1
OSDD,1003,1
AV,1002,1
OSFH,1003,1
OMAV,1003,1
AWO,24001,1
NZSBJIX,3004,1
OFBH,2013,1
NZSDSIX,3004,1
B,24001,1
O,6003,1
B,3032,1
ES,1006,1
OB,24002,1
ERMUSA,2014,1
B,17,1
AZ,99003,1
OCMBY,1002,1
OFP,1002,1
ERMO,2014,1
AXM,3004,1
OGH,3004,1
OHP,2014,1
OI,3004,1
OI,4009,1
OJ,17001,1
OM,1002,1
AXB,4008,1
OM,3004,1
OM,4007,1
NSYPFXPLM,17001,1
BEGH,1003,1
NSYMF,24001,1
NK,3002,1
NHJWSPAREUPS,17001,1
BLUXCASSA,24002,1
NIACI,17009,1
NICCHIA,17005,1
NIF,24001,1
DI,24001,1
BLBIZ,4002,1
EST,17001,1
NIO,4009,1
BLABK,3004,1
NKBTAL,1008,1
NHIVE,99003,1
NKFP,1008,1
NKFPZ,1008,1
NL,1003,1
NL,4007,1
NM,2002,1
BL,1002,1
NM,4001,1
BKPNL,1002,1
BKMFW,4008,1
BIZHUB,3004,1
NHJ,17001,1
BLX,4007,1
BIZ,1002,1
BMXDRA,17001,1
NBWL,17001,1
BNUU,1002,1
BND,24001,1
NDR,24001,1
NE,24001,1
BN,3004,1
NEEN,26002,1
NEEN,26003,1
NEKA,2014,1
NETGGSM,4009,1
BMX,1003,1
BMMBT,1002,1
NF,1003,1
NFA,1002,1
NFA,1003,1
BMP,1002,1
NFACI,24001,1
BMMGBS,1002,1
NFRII,17009,1
NFRIL,17009,1
NFXI,17009,1
NH,3004,1
NME,4005,1
NMG,1002,1
NSYINLCRN,24001,1
NSR,2013,1
NRM,99001,1
BGW,3004,1
BGS,99001,1
EST,3004,1
NS,24001,1
BFTS,3004,1
BEYERDYNAMIC,4009,1
NSLQ,3004,1
NSLU,3004,1
NSPL,6004,1
NSYAEDL,17001,1
NRC,6004,1
NSYAEFAHLBSC,17001,1
NSYAEFPFXSC,24001,1
BEN,3004,1
NSYCCOTH,17001,1
NSYCCOTHO,24001,1
NSYCEPLMCG,17001,1
NSYCNM,17001,1
DICAV,17009,1
NSYEB,24001,1
NSYEDCOS,24001,1
NRJ,4003,1
NPRWPNACM,1002,1
NMGA,1002,1
NODO,1002,1
NMGPKX,1002,1
BIOSYS,2014,1
BIBIZ,1002,1
BIAMNEXIACS,4009,1
NNT,3035,1
NO,2002,1
NO,2015,1
NO,3014,1
NO,3030,1
NO,4008,1
BIAMEXMOD,4009,1
NPRFRT,1002,1
BIAMEIOC,4009,1
BIAMEEC,4009,1
NOTE,99001,1
NOTES,99001,1
BIAMCIC,4009,1
BI,1002,1
BHC,1002,1
BH,2014,1
NP,99001,1
BH,2006,1
OSFLCOMP,1002,1
OSFQ,1003,1
OSH,1003,1
PFM,4008,1
PERTE,1003,1
PF,2005,1
PF,2006,1
PF,3004,1
APZ,1006,1
PFA,2014,1
PFIXFRAMELESS,4009,1
PFIXFRAMEPRORE,4009,1
PFL,1008,1
PFM,2013,1
APTE,1006,1
PERNOTTAMENTO,99001,1
PFU,1001,1
APPLIANCE,2005,1
APPLE,3005,1
PG,17009,1
PG,24001,1
APPFORGOOD,99001,1
PHCDMTD,1003,1
PHEC,1003,1
PHECSFE,1003,1
PHI,1003,1
PERSONALITY,3014,1
AQD,3004,1
DISTRIBUTORI,99001,1
PCSCOUTINTEL,3004,1
ARNAPS,1003,1
ARNAGL,1002,1
ARMGAS,1006,1
PC,3005,1
PCAXRPZZS,3032,1
PCC,3004,1
PCGE,99001,1
PCGEVPW,3004,1
PCPETRONIOINTEL,3004,1
PCSA,4009,1
PCSHOWINTEL,3004,1
AR,1006,1
ARMAD,1006,1
ARM,1006,1
ARC,4007,1
PDEG,24002,1
ARAG,99001,1
EPSEBPU,4007,1
PDTIOT,2006,1
PDTS,24002,1
EPP,24001,1
PE,1008,1
PHS,1003,1
APPC,4007,1
ARNO,1003,1
APARBUZZSTOPIII,4009,1
APAROVO,4009,1
APARCONCEPT,3004,1
PM,17001,1
PME,17001,1
PMKW,4009,1
APARCOLWBRA,4009,1
PMPCK,1002,1
APARCOLS,4009,1
EPDU,17005,1
APARCHAMP,4009,1
PNMS,2014,1
PLUCABSMMSMMS,4009,1
PNPA,2013,1
POE,2001,1
AP,2005,1
POEXPANEL,1008,1
POEXRX,1008,1
POEXTX,1008,1
POI,4009,1
DATA,3005,1
POLNBVCRT,2006,1
PORTA,99001,1
PLUCABYMMSJMM,4009,1
PLT,20009,1
PI,2002,1
PKX,1002,1
APPC,3004,1
PI,6001,1
PI,24001,1
PICO,17009,1
PIHHFTAG,3004,1
PIX,3004,1
APPC,2006,1
PIZMS,1003,1
PK,24002,1
PKN,2014,1
APH,4009,1
APARPM,4009,1
EPDU,17007,1
PL,3004,1
APARSDQ,4009,1
PLANE,4007,1
PLASMA,3004,1
PLATFORM,3046,1
PLAVP,3004,1
PLC,1003,1
PLN,2014,1
APARREVAMP,4009,1
PB,3004,1
AROONA,1002,1
AUTOSC,2014,1
ATEM,4007,1
ATLATOMEST,4009,1
ATLATOMESR,4009,1
ATLATOMEMS,4009,1
ATLATHDVSCAM,4009,1
ATLATHD,4009,1
ATH,4009,1
ATH,4007,1
DIR,24001,1
OTHER,6001,1
OTHER,6002,1
OTHER,6028,1
ATM,3004,1
ATDM,4009,1
ATDM,4007,1
OTHER,24001,1
ATD,6018,1
OTHER,99003,1
OTTF,6004,1
OTTURATORE,24001,1
ATC,3004,1
ATAVAEX,4008,1
AT,19001,1
ATLATUHDEX,4009,1
OTHER,2016,1
EQ,4009,1
OSSANTRICITYCAP,3014,1
AUTODA,6004,1
OSONTPCAP,3014,1
OSR,1003,1
OSRDDE,1002,1
OSRDS,1002,1
OSRFH,1002,1
OSRFLOOD,1002,1
OSRLED,1002,1
AUDIO,99001,1
ATW,4007,1
OSSANTRICITYNLSAS,3014,1
OTHER,2014,1
OSSNWFD,99009,1
OSSTARST,1003,1
OSVCA,1002,1
OTB,24001,1
ATUHDEX,3004,1
ATTREZZATURA,1003,1
ATTIVITAVARIEFAC,99001,1
ATS,3004,1
ATND,4009,1
ATM,4009,1
OVA,24001,1
ASSISTENZA,99003,1
PASSACAVI,1002,1
ARTAW,1002,1
PADPE,24002,1
ARW,99001,1
PAL,4007,1
PAL,20001,1
PALINOX,2014,1
ARW,6004,1
ARW,6002,1
ARTRL,1003,1
ARTISTA,99001,1
ARTE,1003,1
ART,2006,1
PACK,99001,1
EPSELPLU,4007,1
PANNELLO,4008,1
PANNELLO,17005,1
PANORAMA,4008,1
PARAGON,3005,1
PARCHEGGIO,99001,1
ARRH,1003,1
PARTNERSHIP,99,1
ARP,3005,1
PASS,24001,1
PADPE,2006,1
PACK,3004,1
ASS,99001,1
ASF,99001,1
ASR,2002,1
P,2002,1
ASP,3004,1
P,2005,1
ASIMD,1002,1
P,3002,1
ASI,2013,1
P,3005,1
DISINFESTAZIONE,99001,1
ASI,1002,1
ASF,6001,1
PA,24001,1
ASF,2013,1
P,17001,1
DISTOD,3004,1
P,24001,1
DWA,3004,1
PA,1002,1
AS,3004,1
AS,1003,1
ARXV,3004,1
PA,4009,1
BO,3004,1
NBHN,17001,1
EVN,2,1
BOOKBAND,3004,1
MC,3014,1
MC,4001,1
MC,4002,1
MC,99010,1
MCBB,24001,1
MCC,1003,1
CAB,4002,1
CAB,3004,1
MCM,3004,1
MCP,3004,1
MCP,17009,1
EU,99,1
MCSESU,24001,1
CA,99012,1
MD,1011,1
CA,4009,1
MD,17001,1
DFW,3004,1
MDAEMON,3032,1
MDBCAVRGB,4009,1
MDCR,17001,1
MDISP,3004,1
MDSPLTR,4009,1
CAB,6001,1
MC,1008,1
MC,1002,1
MATERIALIVARIFACILIT,99001,1
MASK,99001,1
MAT,99001,1
EVC,3004,1
MATERIALE,2005,1
CAP,17005,1
MATERIALE,17001,1
CANONE,99002,1
CANCELLERIA,99001,1
CANALK,1002,1
CALAMITA,99001,1
MATGESTIMPMECC,99001,1
MBRCHARGER,3004,1
MATMANVERDE,99001,1
MATORDGESTIMPEL,99001,1
MATVARGESTORD,99001,1
MAXHUCS,4009,1
EVAL,3009,1
CADOPIA,3005,1
CABW,1002,1
MB,17001,1
CABL,17005,1
CABL,1001,1
MDSUPP,4009,1
MDU,2006,1
CA,1002,1
MG,4009,1
MFB,3004,1
MFEFX,2002,1
MFHP,99001,1
MFM,3014,1
MFTK,1002,1
MFYP,3004,1
BVVSTATNA,2014,1
MG,2002,1
BVSD,17005,1
BV,17001,1
MG,17008,1
BX,24001,1
BUZZSTOPIII,4009,1
BUZZSTOP,4009,1
MGA,24001,1
BUNBOSEVB,4009,1
BUDDY,99001,1
MGB,24001,1
MGBLH,2006,1
MGBSX,2002,1
MGD,3004,1
MGDOMA,1002,1
BX,3004,1
MF,3004,1
ME,17005,1
MEM,2006,1
C,99001,1
C,24001,1
MEC,4009,1
MEET,1003,1
C,4005,1
C,3014,1
ETS,3005,1
MEL,4009,1
C,1008,1
C,2,1
MEM,3004,1
BXNUC,3004,1
MERAKI,2016,1
MESSAGGIO,99001,1
MET,4008,1
METALHHFTAG,3004,1
METSECT,1002,1
BY,4002,1
BY,2006,1
METSEPM,17001,1
BY,1001,1
METSIM,24001,1
CARDREADER,3004,1
MASCHERA,99001,1
MAP,1006,1
DF,3004,1
LOCKER,99001,1
LOGICMONITOR,3005,1
LOGITECH,3004,1
LON,24001,1
LORAWAN,24001,1
CBPR,1003,1
LOVLPCS,1002,1
LOVLPXAU,1002,1
CBL,3041,1
LOVLPZP,1003,1
CBCBX,1003,1
LOCAZIONE,99007,1
LP,2014,1
LPF,24001,1
LPNEC,1002,1
LPNEC,4009,1
LR,3004,1
LRAC,17001,1
CBCBX,1002,1
LRI,24001,1
LS,16,1
EVENTO,99,1
LOCAZIONEIMMOBILI,99001,1
LOCATION,99001,1
LS,6001,1
LKC,1002,1
CBRQBLOK,1002,1
EVENTS,6004,1
LICENZA,99001,1
LICENZE,3031,1
LINK,99001,1
CBRBTU,1002,1
CBRBT,1002,1
LKADAT,1002,1
LKADAT,4009,1
LKADSK,1002,1
LKCHDMI,4009,1
LMP,4009,1
LKCU,1002,1
CBR,1003,1
LKMP,1002,1
LKMS,1003,1
LKSK,1002,1
LL,3004,1
LLLE,1002,1
LM,24001,1
LM,99009,1
LMP,4008,1
CBCB,1002,1
DF,3035,1
MANUTENZIONE,99009,1
MAINTENANCE,3004,1
M,4009,1
M,6001,1
MA,1003,1
CATHBA,1008,1
CATERING,99001,1
CAT,1008,1
CAT,1002,1
MAC,1003,1
MAGIC,1002,1
MAGNETIC,4009,1
CASSETTE,17001,1
CAVNEO,1002,1
CASP,3031,1
MAN,99003,1
MANAGE,3031,1
MANUTENZIONE,3035,1
MANUTENZIONE,4004,1
CASE,4009,1
CASE,1002,1
CARTELLO,2014,1
CARTELLINA,99001,1
CARRELLO,1003,1
M,4005,1
M,3009,1
CB,3004,1
LX,3010,1
LTE,2003,1
LUCPF,1002,1
LUM,1002,1
CB,2014,1
LWAEB,4009,1
LWSMB,4009,1
LWVMADLSSA,2014,1
LWVMSDOME,2014,1
LWVMSSIG,24001,1
LWVMSSSA,2014,1
LY,3004,1
CAVNPI,1003,1
CB,1003,1
LZ,1002,1
LZ,1003,1
CB,1002,1
CAVOMINIDISPALYPORT,3004,1
CAVOFLEX,1002,1
CAVO,4001,1
CAVO,1002,1
M,2014,1
M,3002,1
MGDX,4001,1
MGJ,4001,1
MGJN,2006,1
MULTIPRESA,1002,1
DGE,3004,1
MTRJLC,1002,1
MTRJSC,1002,1
MTV,3004,1
MTX,4007,1
BT,1003,1
MU,4009,1
MUF,4002,1
MUFMRCA,4009,1
MULTIPOWER,3004,1
MUMFRCA,4009,1
ET,4002,1
MURANOLS,2014,1
MUVV,3004,1
MUWA,3004,1
MUWC,4009,1
MUYHSMFF,3004,1
MUYHSMFFADW,3004,1
MV,2001,1
MV,2013,1
BSX,4001,1
MVH,3004,1
BT,3004,1
BTBAW,3004,1
BS,24002,1
MSB,24001,1
BTIAM,1002,1
BTI,24001,1
BTHD,1003,1
BTCS,1002,1
BTCN,1003,1
MS,17005,1
BTCLNA,1003,1
MSAK,99001,1
MSATT,17009,1
MSB,1003,1
MSD,1003,1
BTBAW,24001,1
MSFR,1003,1
MSN,3014,1
MSO,24001,1
BTCLN,1003,1
BTCAM,1003,1
ETEC,1002,1
ET,4007,1
MTCDT,3004,1
MTEF,3014,1
MTJV,99001,1
MVM,2014,1
MW,1002,1
ETICHETTE,3004,1
MZ,17008,1
MXWAPT,4009,1
MXWNCS,4007,1
MXWNCS,4009,1
MY,1003,1
MYDEV,25001,1
MYDEVSVILCUSTOM,25001,1
MYDEVSVILCUSTOMMER,25001,1
MYE,3004,1
MYND,3004,1
BOTNET,2012,1
MZ,24001,1
BOX,1006,1
BOT,3004,1
BOSCH,1003,1
ESTENSIONE,17001,1
BOS,3004,1
N,3005,1
BOS,1002,1
N,3030,1
BOOKBAND,4009,1
N,99001,1
NAHDMI,4009,1
MXWAPT,4007,1
MXW,4007,1
BS,1003,1
BOXNUC,2006,1
BRCWMZ,4009,1
MWLT,3004,1
MWP,3004,1
MWTY,3004,1
MWVF,3004,1
MX,2006,1
MX,2014,1
BP,3004,1
BP,2014,1
DHMSA,3004,1
BOXD,3004,1
MXV,4009,1
MXCT,3004,1
MXN,4009,1
MXNL,4002,1
MXP,4009,1
MXPCOBT,2013,1
MXPCODL,2013,1
MXPETDL,2006,1
MXPEXCL,2013,1
MXPEXPLUSDL,2013,1
BOX,17009,1
MS,1003,1
MRX,4007,1
MGLVSXM,1002,1
ETN,4002,1
MIRADO,4007,1
BTIS,1002,1
MIS,99004,1
MJQK,3004,1
MJYR,3004,1
ETPYFM,6018,1
MK,4008,1
BTILNC,1003,1
MKR,3004,1
BTILNA,1002,1
MLD,1003,1
MINI,2014,1
MLK,3004,1
MLPF,3004,1
MLT,3004,1
MLV,3004,1
MLVE,3004,1
MLWK,99001,1
MLZZ,1002,1
BTIL,1002,1
MM,3004,1
MMC,1003,1
MINIDOGE,2014,1
MINI,1003,1
MMD,4007,1
MH,3004,1
MGLVSXX,1002,1
MGMT,4001,1
MGN,3004,1
BTRY,3004,1
BTIS,1003,1
MGPKZM,1003,1
MGTV,3004,1
MGTW,3004,1
MGVDIC,1003,1
MGXL,3004,1
MHDH,3004,1
MIK,1002,1
MHJE,3004,1
MHR,3004,1
MI,3004,1
MI,3005,1
MIC,4009,1
MICROCUE,4002,1
MIDA,3005,1
MIG,4001,1
MIG,4004,1
MIGE,4001,1
MMD,3004,1
MMD,4009,1
BTIBMSA,1002,1
MQ,4009,1
MPH,17005,1
BTIFN,1002,1
MPM,17005,1
BTIFH,1003,1
MPQ,2006,1
MPU,2006,1
MPUF,3004,1
MPUF,4001,1
MQ,3004,1
MQ,4001,1
MQAF,3004,1
MPE,1006,1
MQD,3004,1
MQJ,99001,1
MQTA,2014,1
MR,2,1
BTIFC,1003,1
BTIFA,1002,1
BTIF,12,1
MR,4002,1
MR,6001,1
BTIE,1002,1
MPH,17,1
BTIFT,1003,1
MMEF,3004,1
BTIK,1002,1
MMP,24002,1
MMTN,3004,1
MMX,17009,1
MMXF,3004,1
MMXJ,3004,1
BTIKW,1002,1
MN,3035,1
ETLTUBOX,1002,1
MN,6012,1
MNKT,3004,1
MNWP,3004,1
MPC,4008,1
MOBILE,99001,1
BTIHS,1003,1
BTIHC,1003,1
MODCAD,3005,1
MODE,2001,1
BTIH,1003,1
MODULO,4007,1
ETLTAK,1002,1
MP,24001,1
BTIGN,1002,1
P,99002,1
